Workbook

Sheet Data
A1: precip | B1: datetime | C1: monthly total | E1: time | F1: precip | G1: datetime | H1: monthly total | I1: time | J1: precip | K1: datetime | L1: monthly total | M1: time | N1: precip | O1: datetime | P1: monthly total | Q1: time | R1: precip | S1: datetime | T1: monthly total | U1: time | V1: precip | W1: datetime | X1: monthly total | Y1: time | Z1: precip | AA1: datetime | AB1: monthly total | AD1: precip | AE1: datetime | AF1: monthly total | AH1: precip | AI1: datetime | AJ1: monthly total | AL1: precip | AM1: datetime | AN1: monthly total | AP1: precip | AQ1: datetime | AR1: monthly total | AT1: precip | AU1: datetime | AV1: monthly total | AX1: precip | AY1: datetime | AZ1: monthly total | BB1: precip | BC1: datetime | BD1: monthly total | BF1: precip | BG1: datetime | BH1: monthly total | BJ1: precip | BK1: datetime | BL1: monthly total | BN1: precip | BO1: datetime | BP1: monthly total | BR1: precip | BS1: datetime | BT1: monthly total | BV1: precip | BW1: datetime | BX1: monthly total | BZ1: precip | CA1: datetime | CB1: monthly total | CD1: precip | CE1: datetime | CF1: monthly total | CH1: precip | CI1: datetime | CJ1: monthly total | CL1: precip | CM1: datetime | CN1: monthly total | CP1: precip | CQ1: datetime | CR1: monthly total | CT1: precip | CU1: datetime | CV1: monthly total | CX1: precip | CY1: datetime | CZ1: time | DB1: precip | DC1: datetime | DD1: monthly total
A2: =MEDIAN(F2,J2,N2,R2,V2,Z2,AD2,AH2,AL2,AP2,AT2,AX2,BB2,BF2,BJ2,BN2,BR2,BV2,BZ2,CD2,CH2,CL2,CP2,CT2,CX2,DB2) -> 0.85890043 | B2: 46753 | C2: =A2 -> 0.85890043 | E2: 1095744 | F2: 7.8275347 | G2: =E2/24+2 -> 45658 | H2: =F2 -> 7.8275347 | I2: 1086960 | J2: 8.2324781 | K2: =I2/24+2 -> 45292 | L2: =J2 -> 8.2324781 | M2: 1078200 | N2: 0.88990843 | O2: =M2/24+2 -> 44927 | P2: =N2 -> 0.88990843 | Q2: 1069440 | R2: 0 | S2: =Q2/24+2 -> 44562 | T2: =R2 -> 0 | U2: 1060680 | V2: 8.0212297 | W2: =U2/24+2 -> 44197 | X2: =V2 -> 8.0212297 | Y2: 1051896 | Z2: 8.3187628 | AA2: =Y2/24+2 -> 43831 | AB2: =Z2 -> 8.3187628 | AD2: 12.323828 | AE2: 43466 | AF2: =AD2 -> 12.323828 | AH2: 0.81054479 | AI2: 43101 | AJ2: =AH2 -> 0.81054479 | AL2: 3.0118582 | AM2: 42736 | AN2: =AL2 -> 3.0118582 | AP2: 22.216454 | AQ2: 42370 | AR2: =AP2 -> 22.216454 | AT2: 4.5091968 | AU2: 42005 | AV2: =AT2 -> 4.5091968 | AX2: 10.102186 | AY2: 41640 | AZ2: =AX2 -> 10.102186 | BB2: 0.078335345 | BC2: 41275 | BD2: =BB2 -> 0.078335345 | BF2: 0 | BG2: 40909 | BH2: =BF2 -> 0 | BJ2: 11.449639 | BK2: 40544 | BL2: =BJ2 -> 11.449639 | BN2: 1.4335613 | BO2: 40179 | BP2: =BN2 -> 1.4335613 | BR2: 0 | BS2: 39814 | BT2: =BR2 -> 0 | BV2: 0 | BW2: 39448 | BX2: =BV2 -> 0 | BZ2: 0 | CA2: 39083 | CB2: =BZ2 -> 0 | CD2: 0.19652048 | CE2: 38718 | CF2: =CD2 -> 0.19652048 | CH2: 0 | CI2: 38353 | CJ2: =CH2 -> 0 | CL2: 1.8143899 | CM2: 37987 | CN2: =CL2 -> 1.8143899 | CP2: 0 | CQ2: 37622 | CR2: =CP2 -> 0 | CT2: 0 | CU2: 37257 | CV2: =CT2 -> 0 | CX2: 0.19675538 | CY2: 36892 | CZ2: =CX2 -> 0.19675538 | DB2: 0.82789242 | DC2: 36526 | DD2: =DB2 -> 0.82789242
A3: =MEDIAN(F3,J3,N3,R3,V3,Z3,AD3,AH3,AL3,AP3,AT3,AX3,BB3,BF3,BJ3,BN3,BR3,BV3,BZ3,CD3,CH3,CL3,CP3,CT3,CX3,DB3) -> 0.80649778 | B3: 46754 | C3: =IF(MONTH(B3)=MONTH(B2),A3+C2,A3) -> 1.6653982 | E3: 1095768 | F3: 10.797656 | G3: =E3/24+2 -> 45659 | H3: =IF(MONTH(G3)=MONTH(G2),F3+H2,F3) -> 18.625191 | I3: 1086984 | J3: 0 | K3: =I3/24+2 -> 45293 | L3: =IF(MONTH(K3)=MONTH(K2),J3+L2,J3) -> 8.2324781 | M3: 1078224 | N3: 21.935007 | O3: =M3/24+2 -> 44928 | P3: =IF(MONTH(O3)=MONTH(O2),N3+P2,N3) -> 22.824916 | Q3: 1069464 | R3: 0 | S3: =Q3/24+2 -> 44563 | T3: =IF(MONTH(S3)=MONTH(S2),R3+T2,R3) -> 0 | U3: 1060704 | V3: 1.0206215 | W3: =U3/24+2 -> 44198 | X3: =IF(MONTH(W3)=MONTH(W2),V3+X2,V3) -> 9.0418513 | Y3: 1051920 | Z3: 0.064577632 | AA3: =Y3/24+2 -> 43832 | AB3: =IF(MONTH(AA3)=MONTH(AA2),Z3+AB2,Z3) -> 8.3833404 | AD3: 0 | AE3: 43467 | AF3: =IF(MONTH(AE3)=MONTH(AE2),AF2+AD3,AD3) -> 12.323828 | AH3: 12.334131 | AI3: 43102 | AJ3: =IF(MONTH(AI3)=MONTH(AI2),AJ2+AH3,AH3) -> 13.144676 | AL3: 8.0734587 | AM3: 42737 | AN3: =IF(MONTH(AM3)=MONTH(AM2),AN2+AL3,AL3) -> 11.085317 | AP3: 0.10320355 | AQ3: 42371 | AR3: =IF(MONTH(AQ3)=MONTH(AQ2),AR2+AP3,AP3) -> 22.319657 | AT3: 0.76871687 | AU3: 42006 | AV3: =IF(MONTH(AU3)=MONTH(AU2),AV2+AT3,AT3) -> 5.2779136 | AX3: 1.0460055 | AY3: 41641 | AZ3: =IF(MONTH(AY3)=MONTH(AY2),AZ2+AX3,AX3) -> 11.148192 | BB3: 9.6021624 | BC3: 41276 | BD3: =IF(MONTH(BC3)=MONTH(BC2),BD2+BB3,BB3) -> 9.6804977 | BF3: 0.02531814 | BG3: 40910 | BH3: =IF(MONTH(BG3)=MONTH(BG2),BH2+BF3,BF3) -> 0.02531814 | BJ3: 6.5215826 | BK3: 40545 | BL3: =IF(MONTH(BK3)=MONTH(BK2),BL2+BJ3,BJ3) -> 17.971222 | BN3: 0 | BO3: 40180 | BP3: =IF(MONTH(BO3)=MONTH(BO2),BP2+BN3,BN3) -> 1.4335613 | BR3: 2.9692864 | BS3: 39815 | BT3: =IF(MONTH(BS3)=MONTH(BS2),BT2+BR3,BR3) -> 2.9692864 | BV3: 11.011889 | BW3: 39449 | BX3: =IF(MONTH(BW3)=MONTH(BW2),BX2+BV3,BV3) -> 11.011889 | BZ3: 0 | CA3: 39084 | CB3: =IF(MONTH(CA3)=MONTH(CA2),CB2+BZ3,BZ3) -> 0 | CD3: 0.022238014 | CE3: 38719 | CF3: =IF(MONTH(CE3)=MONTH(CE2),CF2+CD3,CD3) -> 0.21875849 | CH3: 0 | CI3: 38354 | CJ3: =IF(MONTH(CI3)=MONTH(CI2),CJ2+CH3,CH3) -> 0 | CL3: 3.8439841 | CM3: 37988 | CN3: =IF(MONTH(CM3)=MONTH(CM2),CN2+CL3,CL3) -> 5.6583741 | CP3: 1.4156288 | CQ3: 37623 | CR3: =IF(MONTH(CQ3)=MONTH(CQ2),CR2+CP3,CP3) -> 1.4156288 | CT3: 0.84427869 | CU3: 37258 | CV3: =IF(MONTH(CU3)=MONTH(CU2),CV2+CT3,CT3) -> 0.84427869 | CX3: 0 | CY3: 36893 | CZ3: =IF(MONTH(CY3)=MONTH(CY2),CZ2+CX3,CX3) -> 0.19675538 | DB3: 0.052262794 | DC3: 36527 | DD3: =IF(MONTH(DC3)=MONTH(DC2),DD2+DB3,DB3) -> 0.88015522
A4: =MEDIAN(F4,J4,N4,R4,V4,Z4,AD4,AH4,AL4,AP4,AT4,AX4,BB4,BF4,BJ4,BN4,BR4,BV4,BZ4,CD4,CH4,CL4,CP4,CT4,CX4,DB4) -> 2.2563266 | B4: 46755 | C4: =IF(MONTH(B4)=MONTH(B3),A4+C3,A4) -> 3.9217248 | E4: 1095792 | F4: 27.593414 | G4: =E4/24+2 -> 45660 | H4: =IF(MONTH(G4)=MONTH(G3),F4+H3,F4) -> 46.218605 | I4: 1087008 | J4: 0 | K4: =I4/24+2 -> 45294 | L4: =IF(MONTH(K4)=MONTH(K3),J4+L3,J4) -> 8.2324781 | M4: 1078248 | N4: 7.8607583 | O4: =M4/24+2 -> 44929 | P4: =IF(MONTH(O4)=MONTH(O3),N4+P3,N4) -> 30.685674 | Q4: 1069488 | R4: 0.91110086 | S4: =Q4/24+2 -> 44564 | T4: =IF(MONTH(S4)=MONTH(S3),R4+T3,R4) -> 0.91110086 | U4: 1060728 | V4: 4.2330947 | W4: =U4/24+2 -> 44199 | X4: =IF(MONTH(W4)=MONTH(W3),V4+X3,V4) -> 13.274946 | Y4: 1051944 | Z4: 3.318222 | AA4: =Y4/24+2 -> 43833 | AB4: =IF(MONTH(AA4)=MONTH(AA3),Z4+AB3,Z4) -> 11.701562 | AD4: 0 | AE4: 43468 | AF4: =IF(MONTH(AE4)=MONTH(AE3),AF3+AD4,AD4) -> 12.323828 | AH4: 0 | AI4: 43103 | AJ4: =IF(MONTH(AI4)=MONTH(AI3),AJ3+AH4,AH4) -> 13.144676 | AL4: 7.2609682 | AM4: 42738 | AN4: =IF(MONTH(AM4)=MONTH(AM3),AN3+AL4,AL4) -> 18.346285 | AP4: 1.1888789 | AQ4: 42372 | AR4: =IF(MONTH(AQ4)=MONTH(AQ3),AR3+AP4,AP4) -> 23.508536 | AT4: 0.21596649 | AU4: 42007 | AV4: =IF(MONTH(AU4)=MONTH(AU3),AV3+AT4,AT4) -> 5.4938801 | AX4: 3.4153252 | AY4: 41642 | AZ4: =IF(MONTH(AY4)=MONTH(AY3),AZ3+AX4,AX4) -> 14.563517 | BB4: 4.0283427 | BC4: 41277 | BD4: =IF(MONTH(BC4)=MONTH(BC3),BD3+BB4,BB4) -> 13.70884 | BF4: 9.9416752 | BG4: 40911 | BH4: =IF(MONTH(BG4)=MONTH(BG3),BH3+BF4,BF4) -> 9.9669933 | BJ4: 9.8392591 | BK4: 40546 | BL4: =IF(MONTH(BK4)=MONTH(BK3),BL3+BJ4,BJ4) -> 27.810481 | BN4: 0 | BO4: 40181 | BP4: =IF(MONTH(BO4)=MONTH(BO3),BP3+BN4,BN4) -> 1.4335613 | BR4: 4.3797708 | BS4: 39816 | BT4: =IF(MONTH(BS4)=MONTH(BS3),BT3+BR4,BR4) -> 7.3490572 | BV4: 0 | BW4: 39450 | BX4: =IF(MONTH(BW4)=MONTH(BW3),BX3+BV4,BV4) -> 11.011889 | BZ4: 0.29056293 | CA4: 39085 | CB4: =IF(MONTH(CA4)=MONTH(CA3),CB3+BZ4,BZ4) -> 0.29056293 | CD4: 3.6232727 | CE4: 38720 | CF4: =IF(MONTH(CE4)=MONTH(CE3),CF3+CD4,CD4) -> 3.8420311 | CH4: 0.14685497 | CI4: 38355 | CJ4: =IF(MONTH(CI4)=MONTH(CI3),CJ3+CH4,CH4) -> 0.14685497 | CL4: 7.1580215 | CM4: 37989 | CN4: =IF(MONTH(CM4)=MONTH(CM3),CN3+CL4,CL4) -> 12.816396 | CP4: 0.89132386 | CQ4: 37624 | CR4: =IF(MONTH(CQ4)=MONTH(CQ3),CR3+CP4,CP4) -> 2.3069527 | CT4: 2.3720319 | CU4: 37259 | CV4: =IF(MONTH(CU4)=MONTH(CU3),CV3+CT4,CT4) -> 3.2163106 | CX4: 0.046943285 | CY4: 36894 | CZ4: =IF(MONTH(CY4)=MONTH(CY3),CZ3+CX4,CX4) -> 0.24369866 | DB4: 2.1406212 | DC4: 36528 | DD4: =IF(MONTH(DC4)=MONTH(DC3),DD3+DB4,DB4) -> 3.0207764
A5: =MEDIAN(F5,J5,N5,R5,V5,Z5,AD5,AH5,AL5,AP5,AT5,AX5,BB5,BF5,BJ5,BN5,BR5,BV5,BZ5,CD5,CH5,CL5,CP5,CT5,CX5,DB5) -> 0.66743878 | B5: 46756 | C5: =IF(MONTH(B5)=MONTH(B4),A5+C4,A5) -> 4.5891635 | E5: 1095816 | F5: 10.383561 | G5: =E5/24+2 -> 45661 | H5: =IF(MONTH(G5)=MONTH(G4),F5+H4,F5) -> 56.602166 | I5: 1087032 | J5: 1.7429186 | K5: =I5/24+2 -> 45295 | L5: =IF(MONTH(K5)=MONTH(K4),J5+L4,J5) -> 9.9753968 | M5: 1078272 | N5: 2.0237236 | O5: =M5/24+2 -> 44930 | P5: =IF(MONTH(O5)=MONTH(O4),N5+P4,N5) -> 32.709397 | Q5: 1069512 | R5: 0 | S5: =Q5/24+2 -> 44565 | T5: =IF(MONTH(S5)=MONTH(S4),R5+T4,R5) -> 0.91110086 | U5: 1060752 | V5: 9.4825468 | W5: =U5/24+2 -> 44200 | X5: =IF(MONTH(W5)=MONTH(W4),V5+X4,V5) -> 22.757493 | Y5: 1051968 | Z5: 0.77788323 | AA5: =Y5/24+2 -> 43834 | AB5: =IF(MONTH(AA5)=MONTH(AA4),Z5+AB4,Z5) -> 12.479446 | AD5: 0.2391393 | AE5: 43469 | AF5: =IF(MONTH(AE5)=MONTH(AE4),AF4+AD5,AD5) -> 12.562967 | AH5: 0.12848644 | AI5: 43104 | AJ5: =IF(MONTH(AI5)=MONTH(AI4),AJ4+AH5,AH5) -> 13.273162 | AL5: 0 | AM5: 42739 | AN5: =IF(MONTH(AM5)=MONTH(AM4),AN4+AL5,AL5) -> 18.346285 | AP5: 0 | AQ5: 42373 | AR5: =IF(MONTH(AQ5)=MONTH(AQ4),AR4+AP5,AP5) -> 23.508536 | AT5: 29.055313 | AU5: 42008 | AV5: =IF(MONTH(AU5)=MONTH(AU4),AV4+AT5,AT5) -> 34.549193 | AX5: 2.9104409 | AY5: 41643 | AZ5: =IF(MONTH(AY5)=MONTH(AY4),AZ4+AX5,AX5) -> 17.473958 | BB5: 24.905481 | BC5: 41278 | BD5: =IF(MONTH(BC5)=MONTH(BC4),BD4+BB5,BB5) -> 38.614322 | BF5: 5.4669189 | BG5: 40912 | BH5: =IF(MONTH(BG5)=MONTH(BG4),BH4+BF5,BF5) -> 15.433912 | BJ5: 1.7321556 | BK5: 40547 | BL5: =IF(MONTH(BK5)=MONTH(BK4),BL4+BJ5,BJ5) -> 29.542637 | BN5: 0 | BO5: 40182 | BP5: =IF(MONTH(BO5)=MONTH(BO4),BP4+BN5,BN5) -> 1.4335613 | BR5: 0.14601777 | BS5: 39817 | BT5: =IF(MONTH(BS5)=MONTH(BS4),BT4+BR5,BR5) -> 7.495075 | BV5: 0.7875796 | BW5: 39451 | BX5: =IF(MONTH(BW5)=MONTH(BW4),BX4+BV5,BV5) -> 11.799469 | BZ5: 0.072654039 | CA5: 39086 | CB5: =IF(MONTH(CA5)=MONTH(CA4),CB4+BZ5,BZ5) -> 0.36321697 | CD5: 0 | CE5: 38721 | CF5: =IF(MONTH(CE5)=MONTH(CE4),CF4+CD5,CD5) -> 3.8420311 | CH5: 0.29263121 | CI5: 38356 | CJ5: =IF(MONTH(CI5)=MONTH(CI4),CJ4+CH5,CH5) -> 0.43948618 | CL5: 9.5311728 | CM5: 37990 | CN5: =IF(MONTH(CM5)=MONTH(CM4),CN4+CL5,CL5) -> 22.347568 | CP5: 0.20926563 | CQ5: 37625 | CR5: =IF(MONTH(CQ5)=MONTH(CQ4),CR4+CP5,CP5) -> 2.5162183 | CT5: 0.55699432 | CU5: 37260 | CV5: =IF(MONTH(CU5)=MONTH(CU4),CV4+CT5,CT5) -> 3.7733049 | CX5: 0 | CY5: 36895 | CZ5: =IF(MONTH(CY5)=MONTH(CY4),CZ4+CX5,CX5) -> 0.24369866 | DB5: 2.2681172 | DC5: 36529 | DD5: =IF(MONTH(DC5)=MONTH(DC4),DD4+DB5,DB5) -> 5.2888936
A6: =MEDIAN(F6,J6,N6,R6,V6,Z6,AD6,AH6,AL6,AP6,AT6,AX6,BB6,BF6,BJ6,BN6,BR6,BV6,BZ6,CD6,CH6,CL6,CP6,CT6,CX6,DB6) -> 2.002196 | B6: 46757 | C6: =IF(MONTH(B6)=MONTH(B5),A6+C5,A6) -> 6.5913596 | E6: 1095840 | F6: 13.178088 | G6: =E6/24+2 -> 45662 | H6: =IF(MONTH(G6)=MONTH(G5),F6+H5,F6) -> 69.780254 | I6: 1087056 | J6: 1.4649743 | K6: =I6/24+2 -> 45296 | L6: =IF(MONTH(K6)=MONTH(K5),J6+L5,J6) -> 11.440371 | M6: 1078296 | N6: 3.8878548 | O6: =M6/24+2 -> 44931 | P6: =IF(MONTH(O6)=MONTH(O5),N6+P5,N6) -> 36.597252 | Q6: 1069536 | R6: 1.6972231 | S6: =Q6/24+2 -> 44566 | T6: =IF(MONTH(S6)=MONTH(S5),R6+T5,R6) -> 2.6083239 | U6: 1060776 | V6: 23.10561 | W6: =U6/24+2 -> 44201 | X6: =IF(MONTH(W6)=MONTH(W5),V6+X5,V6) -> 45.863103 | Y6: 1051992 | Z6: 0 | AA6: =Y6/24+2 -> 43835 | AB6: =IF(MONTH(AA6)=MONTH(AA5),Z6+AB5,Z6) -> 12.479446 | AD6: 3.8549747 | AE6: 43470 | AF6: =IF(MONTH(AE6)=MONTH(AE5),AF5+AD6,AD6) -> 16.417942 | AH6: 24.132992 | AI6: 43105 | AJ6: =IF(MONTH(AI6)=MONTH(AI5),AJ5+AH6,AH6) -> 37.406154 | AL6: 5.9922919 | AM6: 42740 | AN6: =IF(MONTH(AM6)=MONTH(AM5),AN5+AL6,AL6) -> 24.338577 | AP6: 1.5413231 | AQ6: 42374 | AR6: =IF(MONTH(AQ6)=MONTH(AQ5),AR5+AP6,AP6) -> 25.049859 | AT6: 1.4448609 | AU6: 42009 | AV6: =IF(MONTH(AU6)=MONTH(AU5),AV5+AT6,AT6) -> 35.994054 | AX6: 16.984205 | AY6: 41644 | AZ6: =IF(MONTH(AY6)=MONTH(AY5),AZ5+AX6,AX6) -> 34.458163 | BB6: 16.011612 | BC6: 41279 | BD6: =IF(MONTH(BC6)=MONTH(BC5),BD5+BB6,BB6) -> 54.625934 | BF6: 2.1198814 | BG6: 40913 | BH6: =IF(MONTH(BG6)=MONTH(BG5),BH5+BF6,BF6) -> 17.553794 | BJ6: 2.7765746 | BK6: 40548 | BL6: =IF(MONTH(BK6)=MONTH(BK5),BL5+BJ6,BJ6) -> 32.319211 | BN6: 0 | BO6: 40183 | BP6: =IF(MONTH(BO6)=MONTH(BO5),BP5+BN6,BN6) -> 1.4335613 | BR6: 0.21914801 | BS6: 39818 | BT6: =IF(MONTH(BS6)=MONTH(BS5),BT5+BR6,BR6) -> 7.714223 | BV6: 12.73663 | BW6: 39452 | BX6: =IF(MONTH(BW6)=MONTH(BW5),BX5+BV6,BV6) -> 24.536099 | BZ6: 0 | CA6: 39087 | CB6: =IF(MONTH(CA6)=MONTH(CA5),CB5+BZ6,BZ6) -> 0.36321697 | CD6: 0.77195895 | CE6: 38722 | CF6: =IF(MONTH(CE6)=MONTH(CE5),CF5+CD6,CD6) -> 4.6139901 | CH6: 3.5103383 | CI6: 38357 | CJ6: =IF(MONTH(CI6)=MONTH(CI5),CJ5+CH6,CH6) -> 3.9498245 | CL6: 0.75845355 | CM6: 37991 | CN6: =IF(MONTH(CM6)=MONTH(CM5),CN5+CL6,CL6) -> 23.106022 | CP6: 20.16176 | CQ6: 37626 | CR6: =IF(MONTH(CQ6)=MONTH(CQ5),CR5+CP6,CP6) -> 22.677979 | CT6: 0.061880894 | CU6: 37261 | CV6: =IF(MONTH(CU6)=MONTH(CU5),CV5+CT6,CT6) -> 3.8351858 | CX6: 1.8845106 | CY6: 36896 | CZ6: =IF(MONTH(CY6)=MONTH(CY5),CZ5+CX6,CX6) -> 2.1282093 | DB6: 1.4771733 | DC6: 36530 | DD6: =IF(MONTH(DC6)=MONTH(DC5),DD5+DB6,DB6) -> 6.7660669
A7: =MEDIAN(F7,J7,N7,R7,V7,Z7,AD7,AH7,AL7,AP7,AT7,AX7,BB7,BF7,BJ7,BN7,BR7,BV7,BZ7,CD7,CH7,CL7,CP7,CT7,CX7,DB7) -> 5.2176955 | B7: 46758 | C7: =IF(MONTH(B7)=MONTH(B6),A7+C6,A7) -> 11.809055 | E7: 1095864 | F7: 9.5829906 | G7: =E7/24+2 -> 45663 | H7: =IF(MONTH(G7)=MONTH(G6),F7+H6,F7) -> 79.363245 | I7: 1087080 | J7: 3.9207828 | K7: =I7/24+2 -> 45297 | L7: =IF(MONTH(K7)=MONTH(K6),J7+L6,J7) -> 15.361154 | M7: 1078320 | N7: 2.0893412 | O7: =M7/24+2 -> 44932 | P7: =IF(MONTH(O7)=MONTH(O6),N7+P6,N7) -> 38.686593 | Q7: 1069560 | R7: 0.54049706 | S7: =Q7/24+2 -> 44567 | T7: =IF(MONTH(S7)=MONTH(S6),R7+T6,R7) -> 3.148821 | U7: 1060800 | V7: 10.966619 | W7: =U7/24+2 -> 44202 | X7: =IF(MONTH(W7)=MONTH(W6),V7+X6,V7) -> 56.829721 | Y7: 1052016 | Z7: 0 | AA7: =Y7/24+2 -> 43836 | AB7: =IF(MONTH(AA7)=MONTH(AA6),Z7+AB6,Z7) -> 12.479446 | AD7: 1.9594729 | AE7: 43471 | AF7: =IF(MONTH(AE7)=MONTH(AE6),AF6+AD7,AD7) -> 18.377415 | AH7: 20.952921 | AI7: 43106 | AJ7: =IF(MONTH(AI7)=MONTH(AI6),AJ6+AH7,AH7) -> 58.359075 | AL7: 76.432457 | AM7: 42741 | AN7: =IF(MONTH(AM7)=MONTH(AM6),AN6+AL7,AL7) -> 100.77103 | AP7: 31.041681 | AQ7: 42375 | AR7: =IF(MONTH(AQ7)=MONTH(AQ6),AR6+AP7,AP7) -> 56.09154 | AT7: 4.674624 | AU7: 42010 | AV7: =IF(MONTH(AU7)=MONTH(AU6),AV6+AT7,AT7) -> 40.668678 | AX7: 24.241604 | AY7: 41645 | AZ7: =IF(MONTH(AY7)=MONTH(AY6),AZ6+AX7,AX7) -> 58.699767 | BB7: 9.2432556 | BC7: 41280 | BD7: =IF(MONTH(BC7)=MONTH(BC6),BD6+BB7,BB7) -> 63.869189 | BF7: 14.732018 | BG7: 40914 | BH7: =IF(MONTH(BG7)=MONTH(BG6),BH6+BF7,BF7) -> 32.285811 | BJ7: 34.648594 | BK7: 40549 | BL7: =IF(MONTH(BK7)=MONTH(BK6),BL6+BJ7,BJ7) -> 66.967805 | BN7: 0 | BO7: 40184 | BP7: =IF(MONTH(BO7)=MONTH(BO6),BP6+BN7,BN7) -> 1.4335613 | BR7: 4.4603477 | BS7: 39819 | BT7: =IF(MONTH(BS7)=MONTH(BS6),BT6+BR7,BR7) -> 12.174571 | BV7: 81.424423 | BW7: 39453 | BX7: =IF(MONTH(BW7)=MONTH(BW6),BX6+BV7,BV7) -> 105.96052 | BZ7: 0 | CA7: 39088 | CB7: =IF(MONTH(CA7)=MONTH(CA6),CB6+BZ7,BZ7) -> 0.36321697 | CD7: 0.51298046 | CE7: 38723 | CF7: =IF(MONTH(CE7)=MONTH(CE6),CF6+CD7,CD7) -> 5.1269706 | CH7: 0.69685858 | CI7: 38358 | CJ7: =IF(MONTH(CI7)=MONTH(CI6),CJ6+CH7,CH7) -> 4.6466831 | CL7: 5.760767 | CM7: 37992 | CN7: =IF(MONTH(CM7)=MONTH(CM6),CN6+CL7,CL7) -> 28.866789 | CP7: 3.9406948 | CQ7: 37627 | CR7: =IF(MONTH(CQ7)=MONTH(CQ6),CR6+CP7,CP7) -> 26.618673 | CT7: 19.471958 | CU7: 37262 | CV7: =IF(MONTH(CU7)=MONTH(CU6),CV6+CT7,CT7) -> 23.307144 | CX7: 0 | CY7: 36897 | CZ7: =IF(MONTH(CY7)=MONTH(CY6),CZ6+CX7,CX7) -> 2.1282093 | DB7: 10.912002 | DC7: 36531 | DD7: =IF(MONTH(DC7)=MONTH(DC6),DD6+DB7,DB7) -> 17.678069
A8: =MEDIAN(F8,J8,N8,R8,V8,Z8,AD8,AH8,AL8,AP8,AT8,AX8,BB8,BF8,BJ8,BN8,BR8,BV8,BZ8,CD8,CH8,CL8,CP8,CT8,CX8,DB8) -> 1.8387128 | B8: 46759 | C8: =IF(MONTH(B8)=MONTH(B7),A8+C7,A8) -> 13.647768 | E8: 1095888 | F8: 2.6603875 | G8: =E8/24+2 -> 45664 | H8: =IF(MONTH(G8)=MONTH(G7),F8+H7,F8) -> 82.023633 | I8: 1087104 | J8: 0.25336656 | K8: =I8/24+2 -> 45298 | L8: =IF(MONTH(K8)=MONTH(K7),J8+L7,J8) -> 15.61452 | M8: 1078344 | N8: 55.914516 | O8: =M8/24+2 -> 44933 | P8: =IF(MONTH(O8)=MONTH(O7),N8+P7,N8) -> 94.60111 | Q8: 1069584 | R8: 0 | S8: =Q8/24+2 -> 44568 | T8: =IF(MONTH(S8)=MONTH(S7),R8+T7,R8) -> 3.148821 | U8: 1060824 | V8: 1.017038 | W8: =U8/24+2 -> 44203 | X8: =IF(MONTH(W8)=MONTH(W7),V8+X7,V8) -> 57.846759 | Y8: 1052040 | Z8: 0 | AA8: =Y8/24+2 -> 43837 | AB8: =IF(MONTH(AA8)=MONTH(AA7),Z8+AB7,Z8) -> 12.479446 | AD8: 0.17995551 | AE8: 43472 | AF8: =IF(MONTH(AE8)=MONTH(AE7),AF7+AD8,AD8) -> 18.55737 | AH8: 4.1250949 | AI8: 43107 | AJ8: =IF(MONTH(AI8)=MONTH(AI7),AJ7+AH8,AH8) -> 62.48417 | AL8: 28.852676 | AM8: 42742 | AN8: =IF(MONTH(AM8)=MONTH(AM7),AN7+AL8,AL8) -> 129.62371 | AP8: 64.795738 | AQ8: 42376 | AR8: =IF(MONTH(AQ8)=MONTH(AQ7),AR7+AP8,AP8) -> 120.88728 | AT8: 0.38879251 | AU8: 42011 | AV8: =IF(MONTH(AU8)=MONTH(AU7),AV7+AT8,AT8) -> 41.057471 | AX8: 7.7220716 | AY8: 41646 | AZ8: =IF(MONTH(AY8)=MONTH(AY7),AZ7+AX8,AX8) -> 66.421839 | BB8: 0.89729577 | BC8: 41281 | BD8: =IF(MONTH(BC8)=MONTH(BC7),BD7+BB8,BB8) -> 64.766485 | BF8: 13.858957 | BG8: 40915 | BH8: =IF(MONTH(BG8)=MONTH(BG7),BH7+BF8,BF8) -> 46.144768 | BJ8: 3.2260692 | BK8: 40550 | BL8: =IF(MONTH(BK8)=MONTH(BK7),BL7+BJ8,BJ8) -> 70.193874 | BN8: 0 | BO8: 40185 | BP8: =IF(MONTH(BO8)=MONTH(BO7),BP7+BN8,BN8) -> 1.4335613 | BR8: 2.9240041 | BS8: 39820 | BT8: =IF(MONTH(BS8)=MONTH(BS7),BT7+BR8,BR8) -> 15.098575 | BV8: 11.719097 | BW8: 39454 | BX8: =IF(MONTH(BW8)=MONTH(BW7),BX7+BV8,BV8) -> 117.67962 | BZ8: 0 | CA8: 39089 | CB8: =IF(MONTH(CA8)=MONTH(CA7),CB7+BZ8,BZ8) -> 0.36321697 | CD8: 0.51572144 | CE8: 38724 | CF8: =IF(MONTH(CE8)=MONTH(CE7),CF7+CD8,CD8) -> 5.642692 | CH8: 0.61266971 | CI8: 38359 | CJ8: =IF(MONTH(CI8)=MONTH(CI7),CJ7+CH8,CH8) -> 5.2593528 | CL8: 8.8423681 | CM8: 37993 | CN8: =IF(MONTH(CM8)=MONTH(CM7),CN7+CL8,CL8) -> 37.709157 | CP8: 0.28301549 | CQ8: 37628 | CR8: =IF(MONTH(CQ8)=MONTH(CQ7),CR7+CP8,CP8) -> 26.901689 | CT8: 3.3544743 | CU8: 37263 | CV8: =IF(MONTH(CU8)=MONTH(CU7),CV7+CT8,CT8) -> 26.661618 | CX8: 0.021598525 | CY8: 36898 | CZ8: =IF(MONTH(CY8)=MONTH(CY7),CZ7+CX8,CX8) -> 2.1498078 | DB8: 8.6422253 | DC8: 36532 | DD8: =IF(MONTH(DC8)=MONTH(DC7),DD7+DB8,DB8) -> 26.320294
A9: =MEDIAN(F9,J9,N9,R9,V9,Z9,AD9,AH9,AL9,AP9,AT9,AX9,BB9,BF9,BJ9,BN9,BR9,BV9,BZ9,CD9,CH9,CL9,CP9,CT9,CX9,DB9) -> 1.2133296 | B9: 46760 | C9: =IF(MONTH(B9)=MONTH(B8),A9+C8,A9) -> 14.861097 | E9: 1095912 | F9: 23.211172 | G9: =E9/24+2 -> 45665 | H9: =IF(MONTH(G9)=MONTH(G8),F9+H8,F9) -> 105.2348 | I9: 1087128 | J9: 0 | K9: =I9/24+2 -> 45299 | L9: =IF(MONTH(K9)=MONTH(K8),J9+L8,J9) -> 15.61452 | M9: 1078368 | N9: 1.2332082 | O9: =M9/24+2 -> 44934 | P9: =IF(MONTH(O9)=MONTH(O8),N9+P8,N9) -> 95.834318 | Q9: 1069608 | R9: 0 | S9: =Q9/24+2 -> 44569 | T9: =IF(MONTH(S9)=MONTH(S8),R9+T8,R9) -> 3.148821 | U9: 1060848 | V9: 1.1879305 | W9: =U9/24+2 -> 44204 | X9: =IF(MONTH(W9)=MONTH(W8),V9+X8,V9) -> 59.03469 | Y9: 1052064 | Z9: 0 | AA9: =Y9/24+2 -> 43838 | AB9: =IF(MONTH(AA9)=MONTH(AA8),Z9+AB8,Z9) -> 12.479446 | AD9: 11.483086 | AE9: 43473 | AF9: =IF(MONTH(AE9)=MONTH(AE8),AF8+AD9,AD9) -> 30.040456 | AH9: 11.626712 | AI9: 43108 | AJ9: =IF(MONTH(AI9)=MONTH(AI8),AJ8+AH9,AH9) -> 74.110882 | AL9: 21.745293 | AM9: 42743 | AN9: =IF(MONTH(AM9)=MONTH(AM8),AN8+AL9,AL9) -> 151.369 | AP9: 1.1225173 | AQ9: 42377 | AR9: =IF(MONTH(AQ9)=MONTH(AQ8),AR8+AP9,AP9) -> 122.0098 | AT9: 0 | AU9: 42012 | AV9: =IF(MONTH(AU9)=MONTH(AU8),AV8+AT9,AT9) -> 41.057471 | AX9: 7.7584138 | AY9: 41647 | AZ9: =IF(MONTH(AY9)=MONTH(AY8),AZ8+AX9,AX9) -> 74.180252 | BB9: 0.17767683 | BC9: 41282 | BD9: =IF(MONTH(BC9)=MONTH(BC8),BD8+BB9,BB9) -> 64.944162 | BF9: 21.287455 | BG9: 40916 | BH9: =IF(MONTH(BG9)=MONTH(BG8),BH8+BF9,BF9) -> 67.432223 | BJ9: 19.456032 | BK9: 40551 | BL9: =IF(MONTH(BK9)=MONTH(BK8),BL8+BJ9,BJ9) -> 89.649906 | BN9: 0.72683203 | BO9: 40186 | BP9: =IF(MONTH(BO9)=MONTH(BO8),BP8+BN9,BN9) -> 2.1603934 | BR9: 3.963784 | BS9: 39821 | BT9: =IF(MONTH(BS9)=MONTH(BS8),BT8+BR9,BR9) -> 19.062359 | BV9: 12.635552 | BW9: 39455 | BX9: =IF(MONTH(BW9)=MONTH(BW8),BX8+BV9,BV9) -> 130.31517 | BZ9: 0 | CA9: 39090 | CB9: =IF(MONTH(CA9)=MONTH(CA8),CB8+BZ9,BZ9) -> 0.36321697 | CD9: 3.8748925 | CE9: 38725 | CF9: =IF(MONTH(CE9)=MONTH(CE8),CF8+CD9,CD9) -> 9.5175845 | CH9: 0.29576129 | CI9: 38360 | CJ9: =IF(MONTH(CI9)=MONTH(CI8),CJ8+CH9,CH9) -> 5.5551141 | CL9: 1.193451 | CM9: 37994 | CN9: =IF(MONTH(CM9)=MONTH(CM8),CN8+CL9,CL9) -> 38.902608 | CP9: 0 | CQ9: 37629 | CR9: =IF(MONTH(CQ9)=MONTH(CQ8),CR8+CP9,CP9) -> 26.901689 | CT9: 5.0336399 | CU9: 37264 | CV9: =IF(MONTH(CU9)=MONTH(CU8),CV8+CT9,CT9) -> 31.695258 | CX9: 0.020147445 | CY9: 36899 | CZ9: =IF(MONTH(CY9)=MONTH(CY8),CZ8+CX9,CX9) -> 2.1699553 | DB9: 2.6009479 | DC9: 36533 | DD9: =IF(MONTH(DC9)=MONTH(DC8),DD8+DB9,DB9) -> 28.921242
A10: =MEDIAN(F10,J10,N10,R10,V10,Z10,AD10,AH10,AL10,AP10,AT10,AX10,BB10,BF10,BJ10,BN10,BR10,BV10,BZ10,CD10,CH10,CL10,CP10,CT10,CX10,DB10) -> 2.5103755 | B10: 46761 | C10: =IF(MONTH(B10)=MONTH(B9),A10+C9,A10) -> 17.371473 | E10: 1095936 | F10: 1.8291565 | G10: =E10/24+2 -> 45666 | H10: =IF(MONTH(G10)=MONTH(G9),F10+H9,F10) -> 107.06396 | I10: 1087152 | J10: 19.24441 | K10: =I10/24+2 -> 45300 | L10: =IF(MONTH(K10)=MONTH(K9),J10+L9,J10) -> 34.85893 | M10: 1078392 | N10: 7.3922853 | O10: =M10/24+2 -> 44935 | P10: =IF(MONTH(O10)=MONTH(O9),N10+P9,N10) -> 103.2266 | Q10: 1069632 | R10: 0 | S10: =Q10/24+2 -> 44570 | T10: =IF(MONTH(S10)=MONTH(S9),R10+T9,R10) -> 3.148821 | U10: 1060872 | V10: 3.304688 | W10: =U10/24+2 -> 44205 | X10: =IF(MONTH(W10)=MONTH(W9),V10+X9,V10) -> 62.339378 | Y10: 1052088 | Z10: 0 | AA10: =Y10/24+2 -> 43839 | AB10: =IF(MONTH(AA10)=MONTH(AA9),Z10+AB9,Z10) -> 12.479446 | AD10: 39.933109 | AE10: 43474 | AF10: =IF(MONTH(AE10)=MONTH(AE9),AF9+AD10,AD10) -> 69.973565 | AH10: 7.5695009 | AI10: 43109 | AJ10: =IF(MONTH(AI10)=MONTH(AI9),AJ9+AH10,AH10) -> 81.680383 | AL10: 1.0164187 | AM10: 42744 | AN10: =IF(MONTH(AM10)=MONTH(AM9),AN9+AL10,AL10) -> 152.38542 | AP10: 0.42890072 | AQ10: 42378 | AR10: =IF(MONTH(AQ10)=MONTH(AQ9),AR9+AP10,AP10) -> 122.4387 | AT10: 10.081379 | AU10: 42013 | AV10: =IF(MONTH(AU10)=MONTH(AU9),AV9+AT10,AT10) -> 51.13885 | AX10: 25.026781 | AY10: 41648 | AZ10: =IF(MONTH(AY10)=MONTH(AY9),AZ9+AX10,AX10) -> 99.207033 | BB10: 0 | BC10: 41283 | BD10: =IF(MONTH(BC10)=MONTH(BC9),BD9+BB10,BB10) -> 64.944162 | BF10: 8.5462408 | BG10: 40917 | BH10: =IF(MONTH(BG10)=MONTH(BG9),BH9+BF10,BF10) -> 75.978464 | BJ10: 27.830692 | BK10: 40552 | BL10: =IF(MONTH(BK10)=MONTH(BK9),BL9+BJ10,BJ10) -> 117.4806 | BN10: 2.9088757 | BO10: 40187 | BP10: =IF(MONTH(BO10)=MONTH(BO9),BP9+BN10,BN10) -> 5.0692691 | BR10: 2.9973352 | BS10: 39822 | BT10: =IF(MONTH(BS10)=MONTH(BS9),BT9+BR10,BR10) -> 22.059694 | BV10: 0.37965795 | BW10: 39456 | BX10: =IF(MONTH(BW10)=MONTH(BW9),BX9+BV10,BV10) -> 130.69483 | BZ10: 0 | CA10: 39091 | CB10: =IF(MONTH(CA10)=MONTH(CA9),CB9+BZ10,BZ10) -> 0.36321697 | CD10: 2.485146 | CE10: 38726 | CF10: =IF(MONTH(CE10)=MONTH(CE9),CF9+CD10,CD10) -> 12.002731 | CH10: 0.31669971 | CI10: 38361 | CJ10: =IF(MONTH(CI10)=MONTH(CI9),CJ9+CH10,CH10) -> 5.8718138 | CL10: 2.535605 | CM10: 37995 | CN10: =IF(MONTH(CM10)=MONTH(CM9),CN9+CL10,CL10) -> 41.438213 | CP10: 5.7124295 | CQ10: 37630 | CR10: =IF(MONTH(CQ10)=MONTH(CQ9),CR9+CP10,CP10) -> 32.614118 | CT10: 1.1902454 | CU10: 37265 | CV10: =IF(MONTH(CU10)=MONTH(CU9),CV9+CT10,CT10) -> 32.885504 | CX10: 0 | CY10: 36900 | CZ10: =IF(MONTH(CY10)=MONTH(CY9),CZ9+CX10,CX10) -> 2.1699553 | DB10: 2.0554938 | DC10: 36534 | DD10: =IF(MONTH(DC10)=MONTH(DC9),DD9+DB10,DB10) -> 30.976735
A11: =MEDIAN(F11,J11,N11,R11,V11,Z11,AD11,AH11,AL11,AP11,AT11,AX11,BB11,BF11,BJ11,BN11,BR11,BV11,BZ11,CD11,CH11,CL11,CP11,CT11,CX11,DB11) -> 1.7855203 | B11: 46762 | C11: =IF(MONTH(B11)=MONTH(B10),A11+C10,A11) -> 19.156993 | E11: 1095960 | F11: 1.7978877 | G11: =E11/24+2 -> 45667 | H11: =IF(MONTH(G11)=MONTH(G10),F11+H10,F11) -> 108.86185 | I11: 1087176 | J11: 0.98276311 | K11: =I11/24+2 -> 45301 | L11: =IF(MONTH(K11)=MONTH(K10),J11+L10,J11) -> 35.841693 | M11: 1078416 | N11: 2.676234 | O11: =M11/24+2 -> 44936 | P11: =IF(MONTH(O11)=MONTH(O10),N11+P10,N11) -> 105.90284 | Q11: 1069656 | R11: 1.839394 | S11: =Q11/24+2 -> 44571 | T11: =IF(MONTH(S11)=MONTH(S10),R11+T10,R11) -> 4.988215 | U11: 1060896 | V11: 0 | W11: =U11/24+2 -> 44206 | X11: =IF(MONTH(W11)=MONTH(W10),V11+X10,V11) -> 62.339378 | Y11: 1052112 | Z11: 0 | AA11: =Y11/24+2 -> 43840 | AB11: =IF(MONTH(AA11)=MONTH(AA10),Z11+AB10,Z11) -> 12.479446 | AD11: 0.12561698 | AE11: 43475 | AF11: =IF(MONTH(AE11)=MONTH(AE10),AF10+AD11,AD11) -> 70.099182 | AH11: 25.285294 | AI11: 43110 | AJ11: =IF(MONTH(AI11)=MONTH(AI10),AJ10+AH11,AH11) -> 106.96568 | AL11: 25.751089 | AM11: 42745 | AN11: =IF(MONTH(AM11)=MONTH(AM10),AN10+AL11,AL11) -> 178.13651 | AP11: 1.8927444 | AQ11: 42379 | AR11: =IF(MONTH(AQ11)=MONTH(AQ10),AR10+AP11,AP11) -> 124.33144 | AT11: 3.6993432 | AU11: 42014 | AV11: =IF(MONTH(AU11)=MONTH(AU10),AV10+AT11,AT11) -> 54.838193 | AX11: 1.397256 | AY11: 41649 | AZ11: =IF(MONTH(AY11)=MONTH(AY10),AZ10+AX11,AX11) -> 100.60429 | BB11: 13.505394 | BC11: 41284 | BD11: =IF(MONTH(BC11)=MONTH(BC10),BD10+BB11,BB11) -> 78.449556 | BF11: 0.51651901 | BG11: 40918 | BH11: =IF(MONTH(BG11)=MONTH(BG10),BH10+BF11,BF11) -> 76.494983 | BJ11: 18.320919 | BK11: 40553 | BL11: =IF(MONTH(BK11)=MONTH(BK10),BL10+BJ11,BJ11) -> 135.80152 | BN11: 0.43938023 | BO11: 40188 | BP11: =IF(MONTH(BO11)=MONTH(BO10),BP10+BN11,BN11) -> 5.5086493 | BR11: 2.7325616 | BS11: 39823 | BT11: =IF(MONTH(BS11)=MONTH(BS10),BT10+BR11,BR11) -> 24.792255 | BV11: 3.1901577 | BW11: 39457 | BX11: =IF(MONTH(BW11)=MONTH(BW10),BX10+BV11,BV11) -> 133.88499 | BZ11: 0 | CA11: 39092 | CB11: =IF(MONTH(CA11)=MONTH(CA10),CB10+BZ11,BZ11) -> 0.36321697 | CD11: 6.1779337 | CE11: 38727 | CF11: =IF(MONTH(CE11)=MONTH(CE10),CF10+CD11,CD11) -> 18.180664 | CH11: 0 | CI11: 38362 | CJ11: =IF(MONTH(CI11)=MONTH(CI10),CJ10+CH11,CH11) -> 5.8718138 | CL11: 0.47393218 | CM11: 37996 | CN11: =IF(MONTH(CM11)=MONTH(CM10),CN10+CL11,CL11) -> 41.912145 | CP11: 0.98616087 | CQ11: 37631 | CR11: =IF(MONTH(CQ11)=MONTH(CQ10),CR10+CP11,CP11) -> 33.600279 | CT11: 16.540285 | CU11: 37266 | CV11: =IF(MONTH(CU11)=MONTH(CU10),CV10+CT11,CT11) -> 49.425789 | CX11: 0.98990613 | CY11: 36901 | CZ11: =IF(MONTH(CY11)=MONTH(CY10),CZ10+CX11,CX11) -> 3.1598614 | DB11: 1.7731529 | DC11: 36535 | DD11: =IF(MONTH(DC11)=MONTH(DC10),DD10+DB11,DB11) -> 32.749888
A12: =MEDIAN(F12,J12,N12,R12,V12,Z12,AD12,AH12,AL12,AP12,AT12,AX12,BB12,BF12,BJ12,BN12,BR12,BV12,BZ12,CD12,CH12,CL12,CP12,CT12,CX12,DB12) -> 2.0563154 | B12: 46763 | C12: =IF(MONTH(B12)=MONTH(B11),A12+C11,A12) -> 21.213309 | E12: 1095984 | F12: 1.7986599 | G12: =E12/24+2 -> 45668 | H12: =IF(MONTH(G12)=MONTH(G11),F12+H11,F12) -> 110.66051 | I12: 1087200 | J12: 0.8281619 | K12: =I12/24+2 -> 45302 | L12: =IF(MONTH(K12)=MONTH(K11),J12+L11,J12) -> 36.669855 | M12: 1078440 | N12: 39.97636 | O12: =M12/24+2 -> 44937 | P12: =IF(MONTH(O12)=MONTH(O11),N12+P11,N12) -> 145.8792 | Q12: 1069680 | R12: 0.60438663 | S12: =Q12/24+2 -> 44572 | T12: =IF(MONTH(S12)=MONTH(S11),R12+T11,R12) -> 5.5926016 | U12: 1060920 | V12: 3.095757 | W12: =U12/24+2 -> 44207 | X12: =IF(MONTH(W12)=MONTH(W11),V12+X11,V12) -> 65.435135 | Y12: 1052136 | Z12: 5.2975497 | AA12: =Y12/24+2 -> 43841 | AB12: =IF(MONTH(AA12)=MONTH(AA11),Z12+AB11,Z12) -> 17.776995 | AD12: 0.063664287 | AE12: 43476 | AF12: =IF(MONTH(AE12)=MONTH(AE11),AF11+AD12,AD12) -> 70.162846 | AH12: 19.061888 | AI12: 43111 | AJ12: =IF(MONTH(AI12)=MONTH(AI11),AJ11+AH12,AH12) -> 126.02756 | AL12: 10.165463 | AM12: 42746 | AN12: =IF(MONTH(AM12)=MONTH(AM11),AN11+AL12,AL12) -> 188.30197 | AP12: 11.084519 | AQ12: 42380 | AR12: =IF(MONTH(AQ12)=MONTH(AQ11),AR11+AP12,AP12) -> 135.41596 | AT12: 1.9792407 | AU12: 42015 | AV12: =IF(MONTH(AU12)=MONTH(AU11),AV11+AT12,AT12) -> 56.817433 | AX12: 0.14926709 | AY12: 41650 | AZ12: =IF(MONTH(AY12)=MONTH(AY11),AZ11+AX12,AX12) -> 100.75356 | BB12: 0.11244597 | BC12: 41285 | BD12: =IF(MONTH(BC12)=MONTH(BC11),BD11+BB12,BB12) -> 78.562002 | BF12: 2.1333902 | BG12: 40919 | BH12: =IF(MONTH(BG12)=MONTH(BG11),BH11+BF12,BF12) -> 78.628373 | BJ12: 23.635172 | BK12: 40554 | BL12: =IF(MONTH(BK12)=MONTH(BK11),BL11+BJ12,BJ12) -> 159.43669 | BN12: 2.1582048 | BO12: 40189 | BP12: =IF(MONTH(BO12)=MONTH(BO11),BP11+BN12,BN12) -> 7.6668541 | BR12: 0.34635553 | BS12: 39824 | BT12: =IF(MONTH(BS12)=MONTH(BS11),BT11+BR12,BR12) -> 25.138611 | BV12: 32.542561 | BW12: 39458 | BX12: =IF(MONTH(BW12)=MONTH(BW11),BX11+BV12,BV12) -> 166.42755 | BZ12: 0 | CA12: 39093 | CB12: =IF(MONTH(CA12)=MONTH(CA11),CB11+BZ12,BZ12) -> 0.36321697 | CD12: 0.069140591 | CE12: 38728 | CF12: =IF(MONTH(CE12)=MONTH(CE11),CF11+CD12,CD12) -> 18.249805 | CH12: 0 | CI12: 38363 | CJ12: =IF(MONTH(CI12)=MONTH(CI11),CJ11+CH12,CH12) -> 5.8718138 | CL12: 0.35744509 | CM12: 37997 | CN12: =IF(MONTH(CM12)=MONTH(CM11),CN11+CL12,CL12) -> 42.26959 | CP12: 15.926776 | CQ12: 37632 | CR12: =IF(MONTH(CQ12)=MONTH(CQ11),CR11+CP12,CP12) -> 49.527055 | CT12: 0.98433191 | CU12: 37267 | CV12: =IF(MONTH(CU12)=MONTH(CU11),CV11+CT12,CT12) -> 50.410121 | CX12: 14.98807 | CY12: 36902 | CZ12: =IF(MONTH(CY12)=MONTH(CY11),CZ11+CX12,CX12) -> 18.147931 | DB12: 3.0090466 | DC12: 36536 | DD12: =IF(MONTH(DC12)=MONTH(DC11),DD11+DB12,DB12) -> 35.758935
A13: =MEDIAN(F13,J13,N13,R13,V13,Z13,AD13,AH13,AL13,AP13,AT13,AX13,BB13,BF13,BJ13,BN13,BR13,BV13,BZ13,CD13,CH13,CL13,CP13,CT13,CX13,DB13) -> 1.8132972 | B13: 46764 | C13: =IF(MONTH(B13)=MONTH(B12),A13+C12,A13) -> 23.026606 | E13: 1096008 | F13: 1.5331109 | G13: =E13/24+2 -> 45669 | H13: =IF(MONTH(G13)=MONTH(G12),F13+H12,F13) -> 112.19362 | I13: 1087224 | J13: 1.7107038 | K13: =I13/24+2 -> 45303 | L13: =IF(MONTH(K13)=MONTH(K12),J13+L12,J13) -> 38.380559 | M13: 1078464 | N13: 31.69393 | O13: =M13/24+2 -> 44938 | P13: =IF(MONTH(O13)=MONTH(O12),N13+P12,N13) -> 177.57313 | Q13: 1069704 | R13: 0.84554845 | S13: =Q13/24+2 -> 44573 | T13: =IF(MONTH(S13)=MONTH(S12),R13+T12,R13) -> 6.43815 | U13: 1060944 | V13: 5.5212169 | W13: =U13/24+2 -> 44208 | X13: =IF(MONTH(W13)=MONTH(W12),V13+X12,V13) -> 70.956352 | Y13: 1052160 | Z13: 0.90930253 | AA13: =Y13/24+2 -> 43842 | AB13: =IF(MONTH(AA13)=MONTH(AA12),Z13+AB12,Z13) -> 18.686298 | AD13: 3.7405472 | AE13: 43477 | AF13: =IF(MONTH(AE13)=MONTH(AE12),AF12+AD13,AD13) -> 73.903394 | AH13: 26.998062 | AI13: 43112 | AJ13: =IF(MONTH(AI13)=MONTH(AI12),AJ12+AH13,AH13) -> 153.02563 | AL13: 1.9158906 | AM13: 42747 | AN13: =IF(MONTH(AM13)=MONTH(AM12),AN12+AL13,AL13) -> 190.21786 | AP13: 1.1840625 | AQ13: 42381 | AR13: =IF(MONTH(AQ13)=MONTH(AQ12),AR12+AP13,AP13) -> 136.60002 | AT13: 4.7599611 | AU13: 42016 | AV13: =IF(MONTH(AU13)=MONTH(AU12),AV12+AT13,AT13) -> 61.577395 | AX13: 0 | AY13: 41651 | AZ13: =IF(MONTH(AY13)=MONTH(AY12),AZ12+AX13,AX13) -> 100.75356 | BB13: 1.9798648 | BC13: 41286 | BD13: =IF(MONTH(BC13)=MONTH(BC12),BD12+BB13,BB13) -> 80.541867 | BF13: 5.365705 | BG13: 40920 | BH13: =IF(MONTH(BG13)=MONTH(BG12),BH12+BF13,BF13) -> 83.994078 | BJ13: 14.561442 | BK13: 40555 | BL13: =IF(MONTH(BK13)=MONTH(BK12),BL12+BJ13,BJ13) -> 173.99813 | BN13: 0.72767878 | BO13: 40190 | BP13: =IF(MONTH(BO13)=MONTH(BO12),BP12+BN13,BN13) -> 8.3945329 | BR13: 0 | BS13: 39825 | BT13: =IF(MONTH(BS13)=MONTH(BS12),BT12+BR13,BR13) -> 25.138611 | BV13: 33.951138 | BW13: 39459 | BX13: =IF(MONTH(BW13)=MONTH(BW12),BX12+BV13,BV13) -> 200.37869 | BZ13: 0 | CA13: 39094 | CB13: =IF(MONTH(CA13)=MONTH(CA12),CB12+BZ13,BZ13) -> 0.36321697 | CD13: 9.8052464 | CE13: 38729 | CF13: =IF(MONTH(CE13)=MONTH(CE12),CF12+CD13,CD13) -> 28.055051 | CH13: 0 | CI13: 38364 | CJ13: =IF(MONTH(CI13)=MONTH(CI12),CJ12+CH13,CH13) -> 5.8718138 | CL13: 0.56778103 | CM13: 37998 | CN13: =IF(MONTH(CM13)=MONTH(CM12),CN12+CL13,CL13) -> 42.837371 | CP13: 3.3626926 | CQ13: 37633 | CR13: =IF(MONTH(CQ13)=MONTH(CQ12),CR12+CP13,CP13) -> 52.889748 | CT13: 11.123761 | CU13: 37268 | CV13: =IF(MONTH(CU13)=MONTH(CU12),CV12+CT13,CT13) -> 61.533882 | CX13: 0.088576026 | CY13: 36903 | CZ13: =IF(MONTH(CY13)=MONTH(CY12),CZ12+CX13,CX13) -> 18.236507 | DB13: 0.9639594 | DC13: 36537 | DD13: =IF(MONTH(DC13)=MONTH(DC12),DD12+DB13,DB13) -> 36.722894
A14: =MEDIAN(F14,J14,N14,R14,V14,Z14,AD14,AH14,AL14,AP14,AT14,AX14,BB14,BF14,BJ14,BN14,BR14,BV14,BZ14,CD14,CH14,CL14,CP14,CT14,CX14,DB14) -> 0.88085443 | B14: 46765 | C14: =IF(MONTH(B14)=MONTH(B13),A14+C13,A14) -> 23.90746 | E14: 1096032 | F14: 0 | G14: =E14/24+2 -> 45670 | H14: =IF(MONTH(G14)=MONTH(G13),F14+H13,F14) -> 112.19362 | I14: 1087248 | J14: 22.472433 | K14: =I14/24+2 -> 45304 | L14: =IF(MONTH(K14)=MONTH(K13),J14+L13,J14) -> 60.852992 | M14: 1078488 | N14: 0.61846703 | O14: =M14/24+2 -> 44939 | P14: =IF(MONTH(O14)=MONTH(O13),N14+P13,N14) -> 178.19159 | Q14: 1069728 | R14: 1.3704342 | S14: =Q14/24+2 -> 44574 | T14: =IF(MONTH(S14)=MONTH(S13),R14+T13,R14) -> 7.8085842 | U14: 1060968 | V14: 8.0969973 | W14: =U14/24+2 -> 44209 | X14: =IF(MONTH(W14)=MONTH(W13),V14+X13,V14) -> 79.053349 | Y14: 1052184 | Z14: 10.991772 | AA14: =Y14/24+2 -> 43843 | AB14: =IF(MONTH(AA14)=MONTH(AA13),Z14+AB13,Z14) -> 29.67807 | AD14: 15.627919 | AE14: 43478 | AF14: =IF(MONTH(AE14)=MONTH(AE13),AF13+AD14,AD14) -> 89.531313 | AH14: 0.02018493 | AI14: 43113 | AJ14: =IF(MONTH(AI14)=MONTH(AI13),AJ13+AH14,AH14) -> 153.04581 | AL14: 0.97335017 | AM14: 42748 | AN14: =IF(MONTH(AM14)=MONTH(AM13),AN13+AL14,AL14) -> 191.19122 | AP14: 0.78835869 | AQ14: 42382 | AR14: =IF(MONTH(AQ14)=MONTH(AQ13),AR13+AP14,AP14) -> 137.38838 | AT14: 5.8687849 | AU14: 42017 | AV14: =IF(MONTH(AU14)=MONTH(AU13),AV13+AT14,AT14) -> 67.446179 | AX14: 0 | AY14: 41652 | AZ14: =IF(MONTH(AY14)=MONTH(AY13),AZ13+AX14,AX14) -> 100.75356 | BB14: 0.02411703 | BC14: 41287 | BD14: =IF(MONTH(BC14)=MONTH(BC13),BD13+BB14,BB14) -> 80.565984 | BF14: 40.985336 | BG14: 40921 | BH14: =IF(MONTH(BG14)=MONTH(BG13),BH13+BF14,BF14) -> 124.97941 | BJ14: 3.5871129 | BK14: 40556 | BL14: =IF(MONTH(BK14)=MONTH(BK13),BL13+BJ14,BJ14) -> 177.58524 | BN14: 0 | BO14: 40191 | BP14: =IF(MONTH(BO14)=MONTH(BO13),BP13+BN14,BN14) -> 8.3945329 | BR14: 0.073022753 | BS14: 39826 | BT14: =IF(MONTH(BS14)=MONTH(BS13),BT13+BR14,BR14) -> 25.211634 | BV14: 1.205346 | BW14: 39460 | BX14: =IF(MONTH(BW14)=MONTH(BW13),BX13+BV14,BV14) -> 201.58403 | BZ14: 6.5541663 | CA14: 39095 | CB14: =IF(MONTH(CA14)=MONTH(CA13),CB13+BZ14,BZ14) -> 6.9173833 | CD14: 0 | CE14: 38730 | CF14: =IF(MONTH(CE14)=MONTH(CE13),CF13+CD14,CD14) -> 28.055051 | CH14: 0.19930002 | CI14: 38365 | CJ14: =IF(MONTH(CI14)=MONTH(CI13),CJ13+CH14,CH14) -> 6.0711138 | CL14: 0.25547475 | CM14: 37999 | CN14: =IF(MONTH(CM14)=MONTH(CM13),CN13+CL14,CL14) -> 43.092846 | CP14: 0.062944241 | CQ14: 37634 | CR14: =IF(MONTH(CQ14)=MONTH(CQ13),CR13+CP14,CP14) -> 52.952692 | CT14: 0.067625761 | CU14: 37269 | CV14: =IF(MONTH(CU14)=MONTH(CU13),CV13+CT14,CT14) -> 61.601508 | CX14: 2.3686621 | CY14: 36904 | CZ14: =IF(MONTH(CY14)=MONTH(CY13),CZ13+CX14,CX14) -> 20.605169 | DB14: 1.2354305 | DC14: 36538 | DD14: =IF(MONTH(DC14)=MONTH(DC13),DD13+DB14,DB14) -> 37.958325
... A57: =MEDIAN(F57,J57,N57,R57,V57,Z57,AD57,AH57,AL57,AP57,AT57,AX57,BB57,BF57,BJ57,BN57,BR57,BV57,BZ57,CD57,CH57,CL57,CP57,CT57,CX57,DB57) -> 3.9464799 | B57: 46808 | C57: =IF(MONTH(B57)=MONTH(B56),A57+C56,A57) -> 81.785143 | E57: 1097064 | F57: 7.4619341 | G57: =E57/24+2 -> 45713 | H57: =IF(MONTH(G57)=MONTH(G56),F57+H56,F57) -> 403.30016 | I57: 1088280 | J57: 0.047261946 | K57: =I57/24+2 -> 45347 | L57: =IF(MONTH(K57)=MONTH(K56),J57+L56,J57) -> 193.29893 | M57: 1079520 | N57: 0 | O57: =M57/24+2 -> 44982 | P57: =IF(MONTH(O57)=MONTH(O56),N57+P56,N57) -> 175.6766 | Q57: 1070760 | R57: 15.31821 | S57: =Q57/24+2 -> 44617 | T57: =IF(MONTH(S57)=MONTH(S56),R57+T56,R57) -> 103.07298 | U57: 1062000 | V57: 3.6598966 | W57: =U57/24+2 -> 44252 | X57: =IF(MONTH(W57)=MONTH(W56),V57+X56,V57) -> 165.37386 | Y57: 1053216 | Z57: 0 | AA57: =Y57/24+2 -> 43886 | AB57: =IF(MONTH(AA57)=MONTH(AA56),Z57+AB56,Z57) -> 117.81982 | AD57: 15.249414 | AE57: 43521 | AF57: =IF(MONTH(AE57)=MONTH(AE56),AF56+AD57,AD57) -> 241.55825 | AH57: 0 | AI57: 43156 | AJ57: =IF(MONTH(AI57)=MONTH(AI56),AJ56+AH57,AH57) -> 147.92683 | AL57: 10.410373 | AM57: 42791 | AN57: =IF(MONTH(AM57)=MONTH(AM56),AN56+AL57,AL57) -> 210.14899 | AP57: 15.61379 | AQ57: 42425 | AR57: =IF(MONTH(AQ57)=MONTH(AQ56),AR56+AP57,AP57) -> 231.33376 | AT57: 4.2330632 | AU57: 42060 | AV57: =IF(MONTH(AU57)=MONTH(AU56),AV56+AT57,AT57) -> 300.36375 | AX57: 21.726185 | AY57: 41695 | AZ57: =IF(MONTH(AY57)=MONTH(AY56),AZ56+AX57,AX57) -> 152.30626 | BB57: 1.6281322 | BC57: 41330 | BD57: =IF(MONTH(BC57)=MONTH(BC56),BD56+BB57,BB57) -> 207.52735 | BF57: 0.77820766 | BG57: 40964 | BH57: =IF(MONTH(BG57)=MONTH(BG56),BH56+BF57,BF57) -> 306.998 | BJ57: 34.710743 | BK57: 40599 | BL57: =IF(MONTH(BK57)=MONTH(BK56),BL56+BJ57,BJ57) -> 206.62055 | BN57: 16.659321 | BO57: 40234 | BP57: =IF(MONTH(BO57)=MONTH(BO56),BP56+BN57,BN57) -> 156.43783 | BR57: 1.5744439 | BS57: 39869 | BT57: =IF(MONTH(BS57)=MONTH(BS56),BT56+BR57,BR57) -> 309.10698 | BV57: 22.885468 | BW57: 39503 | BX57: =IF(MONTH(BW57)=MONTH(BW56),BX56+BV57,BV57) -> 365.95172 | BZ57: 1.4573263 | CA57: 39138 | CB57: =IF(MONTH(CA57)=MONTH(CA56),CB56+BZ57,BZ57) -> 10.1099 | CD57: 7.4594622 | CE57: 38773 | CF57: =IF(MONTH(CE57)=MONTH(CE56),CF56+CD57,CD57) -> 254.98859 | CH57: 0 | CI57: 38408 | CJ57: =IF(MONTH(CI57)=MONTH(CI56),CJ56+CH57,CH57) -> 46.30911 | CL57: 13.076097 | CM57: 38042 | CN57: =IF(MONTH(CM57)=MONTH(CM56),CN56+CL57,CL57) -> 69.047099 | CP57: 1.9868189 | CQ57: 37677 | CR57: =IF(MONTH(CQ57)=MONTH(CQ56),CR56+CP57,CP57) -> 75.336824 | CT57: 0.11222434 | CU57: 37312 | CV57: =IF(MONTH(CU57)=MONTH(CU56),CV56+CT57,CT57) -> 72.547484 | CX57: 0 | CY57: 36947 | CZ57: =IF(MONTH(CY57)=MONTH(CY56),CZ56+CX57,CX57) -> 53.836143 | DB57: 24.840916 | DC57: 36581 | DD57: =IF(MONTH(DC57)=MONTH(DC56),DD56+DB57,DB57) -> 113.58586
A58: =MEDIAN(F58,J58,N58,R58,V58,Z58,AD58,AH58,AL58,AP58,AT58,AX58,BB58,BF58,BJ58,BN58,BR58,BV58,BZ58,CD58,CH58,CL58,CP58,CT58,CX58,DB58) -> 5.9895411 | B58: 46809 | C58: =IF(MONTH(B58)=MONTH(B57),A58+C57,A58) -> 87.774684 | E58: 1097088 | F58: 34.35994 | G58: =E58/24+2 -> 45714 | H58: =IF(MONTH(G58)=MONTH(G57),F58+H57,F58) -> 437.66009 | I58: 1088304 | J58: 3.3103635 | K58: =I58/24+2 -> 45348 | L58: =IF(MONTH(K58)=MONTH(K57),J58+L57,J58) -> 196.6093 | M58: 1079544 | N58: 0 | O58: =M58/24+2 -> 44983 | P58: =IF(MONTH(O58)=MONTH(O57),N58+P57,N58) -> 175.6766 | Q58: 1070784 | R58: 19.478802 | S58: =Q58/24+2 -> 44618 | T58: =IF(MONTH(S58)=MONTH(S57),R58+T57,R58) -> 122.55178 | U58: 1062024 | V58: 5.9895411 | W58: =U58/24+2 -> 44253 | X58: =IF(MONTH(W58)=MONTH(W57),V58+X57,V58) -> 171.3634 | Y58: 1053240 | Z58: 0.6617468 | AA58: =Y58/24+2 -> 43887 | AB58: =IF(MONTH(AA58)=MONTH(AA57),Z58+AB57,Z58) -> 118.48156 | AD58: 0.73403019 | AE58: 43522 | AF58: =IF(MONTH(AE58)=MONTH(AE57),AF57+AD58,AD58) -> 242.29228 | AH58: 0 | AI58: 43157 | AJ58: =IF(MONTH(AI58)=MONTH(AI57),AJ57+AH58,AH58) -> 147.92683 | AL58: 47.729031 | AM58: 42792 | AN58: =IF(MONTH(AM58)=MONTH(AM57),AN57+AL58,AL58) -> 257.87802 | AP58: 9.5041399 | AQ58: 42426 | AR58: =IF(MONTH(AQ58)=MONTH(AQ57),AR57+AP58,AP58) -> 240.8379 | AT58: 26.821844 | AU58: 42061 | AV58: =IF(MONTH(AU58)=MONTH(AU57),AV57+AT58,AT58) -> 327.18559 | AX58: 7.9057722 | AY58: 41696 | AZ58: =IF(MONTH(AY58)=MONTH(AY57),AZ57+AX58,AX58) -> 160.21203 | BB58: 0.964764 | BC58: 41331 | BD58: =IF(MONTH(BC58)=MONTH(BC57),BD57+BB58,BB58) -> 208.49211 | BF58: 13.70842 | BG58: 40965 | BH58: =IF(MONTH(BG58)=MONTH(BG57),BH57+BF58,BF58) -> 320.70642 | BJ58: 4.5257673 | BK58: 40600 | BL58: =IF(MONTH(BK58)=MONTH(BK57),BL57+BJ58,BJ58) -> 211.14632 | BN58: 31.146774 | BO58: 40235 | BP58: =IF(MONTH(BO58)=MONTH(BO57),BP57+BN58,BN58) -> 187.58461 | BR58: 1.0095288 | BS58: 39870 | BT58: =IF(MONTH(BS58)=MONTH(BS57),BT57+BR58,BR58) -> 310.11651 | BV58: 12.619711 | BW58: 39504 | BX58: =IF(MONTH(BW58)=MONTH(BW57),BX57+BV58,BV58) -> 378.57143 | CA58: 39139 | CB58: =IF(MONTH(CA58)=MONTH(CA57),CB57+BZ58,BZ58) -> 10.1099 | CD58: 26.701168 | CE58: 38774 | CF58: =IF(MONTH(CE58)=MONTH(CE57),CF57+CD58,CD58) -> 281.68976 | CH58: 0 | CI58: 38409 | CJ58: =IF(MONTH(CI58)=MONTH(CI57),CJ57+CH58,CH58) -> 46.30911 | CL58: 10.794229 | CM58: 38043 | CN58: =IF(MONTH(CM58)=MONTH(CM57),CN57+CL58,CL58) -> 79.841327 | CP58: 3.0437202 | CQ58: 37678 | CR58: =IF(MONTH(CQ58)=MONTH(CQ57),CR57+CP58,CP58) -> 78.380544 | CT58: 0.21700391 | CU58: 37313 | CV58: =IF(MONTH(CU58)=MONTH(CU57),CV57+CT58,CT58) -> 72.764488 | CX58: 0.81610948 | CY58: 36948 | CZ58: =IF(MONTH(CY58)=MONTH(CY57),CZ57+CX58,CX58) -> 54.652252 | DB58: 20.123989 | DC58: 36582 | DD58: =IF(MONTH(DC58)=MONTH(DC57),DD57+DB58,DB58) -> 133.70985
A59: =MEDIAN(F59,J59,N59,R59,V59,Z59,AD59,AH59,AL59,AP59,AT59,AX59,BB59,BF59,BJ59,BN59,BR59,BV59,BZ59,CD59,CH59,CL59,CP59,CT59,CX59,DB59) -> 4.5221152 | B59: 46810 | C59: =IF(MONTH(B59)=MONTH(B58),A59+C58,A59) -> 92.296799 | E59: 1097112 | F59: 11.64461 | G59: =E59/24+2 -> 45715 | H59: =IF(MONTH(G59)=MONTH(G58),F59+H58,F59) -> 449.30471 | I59: 1088328 | J59: 6.4926057 | K59: =I59/24+2 -> 45349 | L59: =IF(MONTH(K59)=MONTH(K58),J59+L58,J59) -> 203.1019 | M59: 1079568 | N59: 1.5532963 | O59: =M59/24+2 -> 44984 | P59: =IF(MONTH(O59)=MONTH(O58),N59+P58,N59) -> 177.22989 | Q59: 1070808 | R59: 26.758087 | S59: =Q59/24+2 -> 44619 | T59: =IF(MONTH(S59)=MONTH(S58),R59+T58,R59) -> 149.30987 | U59: 1062048 | V59: 3.5218198 | W59: =U59/24+2 -> 44254 | X59: =IF(MONTH(W59)=MONTH(W58),V59+X58,V59) -> 174.88522 | Y59: 1053264 | Z59: 2.6258051 | AA59: =Y59/24+2 -> 43888 | AB59: =IF(MONTH(AA59)=MONTH(AA58),Z59+AB58,Z59) -> 121.10737 | AD59: 0.060415804 | AE59: 43523 | AF59: =IF(MONTH(AE59)=MONTH(AE58),AF58+AD59,AD59) -> 242.3527 | AH59: 2.5957978 | AI59: 43158 | AJ59: =IF(MONTH(AI59)=MONTH(AI58),AJ58+AH59,AH59) -> 150.52263 | AL59: 7.7807193 | AM59: 42793 | AN59: =IF(MONTH(AM59)=MONTH(AM58),AN58+AL59,AL59) -> 265.65874 | AP59: 4.3871651 | AQ59: 42427 | AR59: =IF(MONTH(AQ59)=MONTH(AQ58),AR58+AP59,AP59) -> 245.22506 | AT59: 0.35962141 | AU59: 42062 | AV59: =IF(MONTH(AU59)=MONTH(AU58),AV58+AT59,AT59) -> 327.54521 | AX59: 0.71143448 | AY59: 41697 | AZ59: =IF(MONTH(AY59)=MONTH(AY58),AZ58+AX59,AX59) -> 160.92346 | BB59: 15.109407 | BC59: 41332 | BD59: =IF(MONTH(BC59)=MONTH(BC58),BD58+BB59,BB59) -> 223.60152 | BF59: 14.621469 | BG59: 40966 | BH59: =IF(MONTH(BG59)=MONTH(BG58),BH58+BF59,BF59) -> 335.32789 | BJ59: 3.1094816 | BK59: 40601 | BL59: =IF(MONTH(BK59)=MONTH(BK58),BL58+BJ59,BJ59) -> 214.2558 | BN59: 5.2437572 | BO59: 40236 | BP59: =IF(MONTH(BO59)=MONTH(BO58),BP58+BN59,BN59) -> 192.82836 | BR59: 11.378564 | BS59: 39871 | BT59: =IF(MONTH(BS59)=MONTH(BS58),BT58+BR59,BR59) -> 321.49507 | BV59: 12.928409 | BW59: 39505 | BX59: =IF(MONTH(BW59)=MONTH(BW58),BX58+BV59,BV59) -> 391.49984 | BZ59: 1.4574493 | CA59: 39140 | CB59: =IF(MONTH(CA59)=MONTH(CA58),CB58+BZ59,BZ59) -> 11.567349 | CD59: 0.2334154 | CE59: 38775 | CF59: =IF(MONTH(CE59)=MONTH(CE58),CF58+CD59,CD59) -> 281.92318 | CH59: 1.875191 | CI59: 38410 | CJ59: =IF(MONTH(CI59)=MONTH(CI58),CJ58+CH59,CH59) -> 48.184301 | CL59: 2.2396643 | CM59: 38044 | CN59: =IF(MONTH(CM59)=MONTH(CM58),CN58+CL59,CL59) -> 82.080992 | CP59: 44.354195 | CQ59: 37679 | CR59: =IF(MONTH(CQ59)=MONTH(CQ58),CR58+CP59,CP59) -> 122.73474 | CT59: 16.947033 | CU59: 37314 | CV59: =IF(MONTH(CU59)=MONTH(CU58),CV58+CT59,CT59) -> 89.711521 | CX59: 4.6570654 | CY59: 36949 | CZ59: =IF(MONTH(CY59)=MONTH(CY58),CZ58+CX59,CX59) -> 59.309318 | DB59: 8.376936 | DC59: 36583 | DD59: =IF(MONTH(DC59)=MONTH(DC58),DD58+DB59,DB59) -> 142.08679
A60: =MEDIAN(F60,J60,N60,R60,V60,Z60,AD60,AH60,AL60,AP60,AT60,AX60,BB60,BF60,BJ60,BN60,BR60,BV60,BZ60,CD60,CH60,CL60,CP60,CT60,CX60,DB60) -> 3.5287594 | B60: 46811 | C60: =IF(MONTH(B60)=MONTH(B59),A60+C59,A60) -> 95.825558 | E60: 1097136 | F60: 24.387897 | G60: =E60/24+2 -> 45716 | H60: =IF(MONTH(G60)=MONTH(G59),F60+H59,F60) -> 473.6926 | I60: 1088352 | J60: 3.8753941 | K60: =I60/24+2 -> 45350 | L60: =IF(MONTH(K60)=MONTH(K59),J60+L59,J60) -> 206.9773 | M60: 1079592 | N60: 12.675174 | O60: =M60/24+2 -> 44985 | P60: =IF(MONTH(O60)=MONTH(O59),N60+P59,N60) -> 189.90507 | Q60: 1070832 | R60: 51.725643 | S60: =Q60/24+2 -> 44620 | T60: =IF(MONTH(S60)=MONTH(S59),R60+T59,R60) -> 201.03551 | U60: 1062072 | V60: 12.954635 | W60: =U60/24+2 -> 44255 | X60: =IF(MONTH(W60)=MONTH(W59),V60+X59,V60) -> 187.83986 | Y60: 1053288 | Z60: 1.3197134 | AA60: =Y60/24+2 -> 43889 | AB60: =IF(MONTH(AA60)=MONTH(AA59),Z60+AB59,Z60) -> 122.42708 | AD60: 2.3366609 | AE60: 43524 | AF60: =IF(MONTH(AE60)=MONTH(AE59),AF59+AD60,AD60) -> 244.68936 | AH60: 0.78507632 | AI60: 43159 | AJ60: =IF(MONTH(AI60)=MONTH(AI59),AJ59+AH60,AH60) -> 151.30771 | AL60: 0.096494392 | AM60: 42794 | AN60: =IF(MONTH(AM60)=MONTH(AM59),AN59+AL60,AL60) -> 265.75524 | AP60: 1.3143451 | AQ60: 42428 | AR60: =IF(MONTH(AQ60)=MONTH(AQ59),AR59+AP60,AP60) -> 246.53941 | AT60: 10.859775 | AU60: 42063 | AV60: =IF(MONTH(AU60)=MONTH(AU59),AV59+AT60,AT60) -> 338.40499 | AX60: 26.696308 | AY60: 41698 | AZ60: =IF(MONTH(AY60)=MONTH(AY59),AZ59+AX60,AX60) -> 187.61977 | BB60: 31.422207 | BC60: 41333 | BD60: =IF(MONTH(BC60)=MONTH(BC59),BD59+BB60,BB60) -> 255.02373 | BF60: 4.4682512 | BG60: 40967 | BH60: =IF(MONTH(BG60)=MONTH(BG59),BH59+BF60,BF60) -> 339.79614 | BJ60: 2.0595353 | BK60: 40602 | BL60: =IF(MONTH(BK60)=MONTH(BK59),BL59+BJ60,BJ60) -> 216.31533 | BN60: 1.948745 | BO60: 40237 | BP60: =IF(MONTH(BO60)=MONTH(BO59),BP59+BN60,BN60) -> 194.77711 | BR60: 14.309555 | BS60: 39872 | BT60: =IF(MONTH(BS60)=MONTH(BS59),BT59+BR60,BR60) -> 335.80463 | BV60: 1.6279004 | BW60: 39506 | BX60: =IF(MONTH(BW60)=MONTH(BW59),BX59+BV60,BV60) -> 393.12774 | BZ60: 1.4575243 | CA60: 39141 | CB60: =IF(MONTH(CA60)=MONTH(CA59),CB59+BZ60,BZ60) -> 13.024874 | CD60: 7.3036909 | CE60: 38776 | CF60: =IF(MONTH(CE60)=MONTH(CE59),CF59+CD60,CD60) -> 289.22687 | CH60: 1.8605143 | CI60: 38411 | CJ60: =IF(MONTH(CI60)=MONTH(CI59),CJ59+CH60,CH60) -> 50.044815 | CL60: 0.089633867 | CM60: 38045 | CN60: =IF(MONTH(CM60)=MONTH(CM59),CN59+CL60,CL60) -> 82.170626 | CP60: 4.017272 | CQ60: 37680 | CR60: =IF(MONTH(CQ60)=MONTH(CQ59),CR59+CP60,CP60) -> 126.75201 | CT60: 3.1821246 | CU60: 37315 | CV60: =IF(MONTH(CU60)=MONTH(CU59),CV59+CT60,CT60) -> 92.893645 | CX60: 1.6142737 | CY60: 36950 | CZ60: =IF(MONTH(CY60)=MONTH(CY59),CZ59+CX60,CX60) -> 60.923591 | DB60: 17.680935 | DC60: 36584 | DD60: =IF(MONTH(DC60)=MONTH(DC59),DD59+DB60,DB60) -> 159.76772
A61: =MEDIAN(F61,J61,N61,R61,V61,Z61,AD61,AH61,AL61,AP61,AT61,AX61,BB61,BF61,BJ61,BN61,BR61,BV61,BZ61,CD61,CH61,CL61,CP61,CT61,CX61,DB61) -> 4.1718612 | B61: 46812 | C61: =IF(MONTH(B61)=MONTH(B60),A61+C60,A61) -> 99.99742 | I61: 1088376 | J61: 4.1718612 | K61: =I61/24+2 -> 45351 | L61: =IF(MONTH(K61)=MONTH(K60),J61+L60,J61) -> 211.14916 | P61: =IF(MONTH(O61)=MONTH(O60),N61+P60,N61) -> 0 | T61: =IF(MONTH(S61)=MONTH(S60),R61+T60,R61) -> 0 | X61: =IF(MONTH(W61)=MONTH(W60),V61+X60,V61) -> 0 | Y61: 1053312 | Z61: 0 | AA61: =Y61/24+2 -> 43890 | AB61: =IF(MONTH(AA61)=MONTH(AA60),Z61+AB60,Z61) -> 122.42708 | AP61: 11.269178 | AQ61: 42429 | AR61: =IF(MONTH(AQ61)=MONTH(AQ60),AR60+AP61,AP61) -> 257.80858 | BF61: 0.042000499 | BG61: 40968 | BH61: =IF(MONTH(BG61)=MONTH(BG60),BH60+BF61,BF61) -> 339.83814 | BV61: 6.2508068 | BW61: 39507 | BX61: =IF(MONTH(BW61)=MONTH(BW60),BX60+BV61,BV61) -> 399.37854 | CL61: 3.2177212 | CM61: 38046 | CN61: =IF(MONTH(CM61)=MONTH(CM60),CN60+CL61,CL61) -> 85.388347 | DB61: 20.478739 | DC61: 36585 | DD61: =IF(MONTH(DC61)=MONTH(DC60),DD60+DB61,DB61) -> 180.24646
A62: =MEDIAN(F62,J62,N62,R62,V62,Z62,AD62,AH62,AL62,AP62,AT62,AX62,BB62,BF62,BJ62,BN62,BR62,BV62,BZ62,CD62,CH62,CL62,CP62,CT62,CX62,DB62) -> 2.2818611 | B62: 46813 | C62: =IF(MONTH(B62)=MONTH(B61),A62+C61,A62) -> 2.2818611 | E62: 1097160 | F62: 0.02261073 | G62: =E62/24+2 -> 45717 | H62: =IF(MONTH(G62)=MONTH(G61),F62+H61,F62) -> 0.02261073 | I62: 1088400 | J62: 2.9723041 | K62: =I62/24+2 -> 45352 | L62: =IF(MONTH(K62)=MONTH(K61),J62+L61,J62) -> 2.9723041 | M62: 1079616 | N62: 9.1260777 | O62: =M62/24+2 -> 44986 | P62: =IF(MONTH(O62)=MONTH(O61),N62+P61,N62) -> 9.1260777 | Q62: 1070856 | R62: 0.54353207 | S62: =Q62/24+2 -> 44621 | T62: =IF(MONTH(S62)=MONTH(S61),R62+T61,R62) -> 0.54353207 | U62: 1062096 | V62: 27.853506 | W62: =U62/24+2 -> 44256 | X62: =IF(MONTH(W62)=MONTH(W61),V62+X61,V62) -> 27.853506 | Y62: 1053336 | Z62: 1.5914181 | AA62: =Y62/24+2 -> 43891 | AB62: =IF(MONTH(AA62)=MONTH(AA61),Z62+AB61,Z62) -> 1.5914181 | AD62: 0.46650037 | AE62: 43525 | AF62: =IF(MONTH(AE62)=MONTH(AE61),AF61+AD62,AD62) -> 0.46650037 | AH62: 33.46106 | AI62: 43160 | AJ62: =IF(MONTH(AI62)=MONTH(AI61),AJ61+AH62,AH62) -> 33.46106 | AL62: 0.41116843 | AM62: 42795 | AN62: =IF(MONTH(AM62)=MONTH(AM61),AN61+AL62,AL62) -> 0.41116843 | AP62: 0.89707607 | AQ62: 42430 | AR62: =IF(MONTH(AQ62)=MONTH(AQ61),AR61+AP62,AP62) -> 0.89707607 | AT62: 16.002041 | AU62: 42064 | AV62: =IF(MONTH(AU62)=MONTH(AU61),AV61+AT62,AT62) -> 16.002041 | AX62: 0 | AY62: 41699 | AZ62: =IF(MONTH(AY62)=MONTH(AY61),AZ61+AX62,AX62) -> 0 | BB62: 4.5770879 | BC62: 41334 | BD62: =IF(MONTH(BC62)=MONTH(BC61),BD61+BB62,BB62) -> 4.5770879 | BF62: 12.803818 | BG62: 40969 | BH62: =IF(MONTH(BG62)=MONTH(BG61),BH61+BF62,BF62) -> 12.803818 | BJ62: 10.302898 | BK62: 40603 | BL62: =IF(MONTH(BK62)=MONTH(BK61),BL61+BJ62,BJ62) -> 10.302898 | BN62: 1.2807543 | BO62: 40238 | BP62: =IF(MONTH(BO62)=MONTH(BO61),BP61+BN62,BN62) -> 1.2807543 | BR62: 4.0011511 | BS62: 39873 | BT62: =IF(MONTH(BS62)=MONTH(BS61),BT61+BR62,BR62) -> 4.0011511 | BV62: 0 | BW62: 39508 | BX62: =IF(MONTH(BW62)=MONTH(BW61),BX61+BV62,BV62) -> 0 | BZ62: 0 | CA62: 39142 | CB62: =IF(MONTH(CA62)=MONTH(CA61),CB61+BZ62,BZ62) -> 0 | CD62: 0 | CE62: 38777 | CF62: =IF(MONTH(CE62)=MONTH(CE61),CF61+CD62,CD62) -> 0 | CH62: 0.27474427 | CI62: 38412 | CJ62: =IF(MONTH(CI62)=MONTH(CI61),CJ61+CH62,CH62) -> 0.27474427 | CL62: 6.6825094 | CM62: 38047 | CN62: =IF(MONTH(CM62)=MONTH(CM61),CN61+CL62,CL62) -> 6.6825094 | CP62: 6.9926977 | CQ62: 37681 | CR62: =IF(MONTH(CQ62)=MONTH(CQ61),CR61+CP62,CP62) -> 6.9926977 | CT62: 0.42220467 | CU62: 37316 | CV62: =IF(MONTH(CU62)=MONTH(CU61),CV61+CT62,CT62) -> 0.42220467 | CX62: 3.5432949 | CY62: 36951 | CZ62: =IF(MONTH(CY62)=MONTH(CY61),CZ61+CX62,CX62) -> 3.5432949 | DB62: 4.4177847 | DC62: 36586 | DD62: =IF(MONTH(DC62)=MONTH(DC61),DD61+DB62,DB62) -> 4.4177847
A63: =MEDIAN(F63,J63,N63,R63,V63,Z63,AD63,AH63,AL63,AP63,AT63,AX63,BB63,BF63,BJ63,BN63,BR63,BV63,BZ63,CD63,CH63,CL63,CP63,CT63,CX63,DB63) -> 2.420742 | B63: 46814 | C63: =IF(MONTH(B63)=MONTH(B62),A63+C62,A63) -> 4.7026032 | E63: 1097184 | F63: 21.178511 | G63: =E63/24+2 -> 45718 | H63: =IF(MONTH(G63)=MONTH(G62),F63+H62,F63) -> 21.201121 | I63: 1088424 | J63: 5.8020477 | K63: =I63/24+2 -> 45353 | L63: =IF(MONTH(K63)=MONTH(K62),J63+L62,J63) -> 8.7743518 | M63: 1079640 | N63: 2.6318147 | O63: =M63/24+2 -> 44987 | P63: =IF(MONTH(O63)=MONTH(O62),N63+P62,N63) -> 11.757892 | Q63: 1070880 | R63: 31.414825 | S63: =Q63/24+2 -> 44622 | T63: =IF(MONTH(S63)=MONTH(S62),R63+T62,R63) -> 31.958358 | U63: 1062120 | V63: 14.413482 | W63: =U63/24+2 -> 44257 | X63: =IF(MONTH(W63)=MONTH(W62),V63+X62,V63) -> 42.266988 | Y63: 1053360 | Z63: 7.4304175 | AA63: =Y63/24+2 -> 43892 | AB63: =IF(MONTH(AA63)=MONTH(AA62),Z63+AB62,Z63) -> 9.0218357 | AD63: 1.2433081 | AE63: 43526 | AF63: =IF(MONTH(AE63)=MONTH(AE62),AF62+AD63,AD63) -> 1.7098084 | AH63: 27.552505 | AI63: 43161 | AJ63: =IF(MONTH(AI63)=MONTH(AI62),AJ62+AH63,AH63) -> 61.013565 | AL63: 2.2096694 | AM63: 42796 | AN63: =IF(MONTH(AM63)=MONTH(AM62),AN62+AL63,AL63) -> 2.6208378 | AP63: 7.251658 | AQ63: 42431 | AR63: =IF(MONTH(AQ63)=MONTH(AQ62),AR62+AP63,AP63) -> 8.148734 | AT63: 19.729069 | AU63: 42065 | AV63: =IF(MONTH(AU63)=MONTH(AU62),AV62+AT63,AT63) -> 35.73111 | AX63: 3.122622 | AY63: 41700 | AZ63: =IF(MONTH(AY63)=MONTH(AY62),AZ62+AX63,AX63) -> 3.122622 | BB63: 0.20246451 | BC63: 41335 | BD63: =IF(MONTH(BC63)=MONTH(BC62),BD62+BB63,BB63) -> 4.7795524 | BF63: 51.022171 | BG63: 40970 | BH63: =IF(MONTH(BG63)=MONTH(BG62),BH62+BF63,BF63) -> 63.825989 | BJ63: 0 | BK63: 40604 | BL63: =IF(MONTH(BK63)=MONTH(BK62),BL62+BJ63,BJ63) -> 10.302898 | BN63: 14.550858 | BO63: 40239 | BP63: =IF(MONTH(BO63)=MONTH(BO62),BP62+BN63,BN63) -> 15.831612 | BR63: 1.1855253 | BS63: 39874 | BT63: =IF(MONTH(BS63)=MONTH(BS62),BT62+BR63,BR63) -> 5.1866764 | BV63: 1.7458134 | BW63: 39509 | BX63: =IF(MONTH(BW63)=MONTH(BW62),BX62+BV63,BV63) -> 1.7458134 | BZ63: 0 | CA63: 39143 | CB63: =IF(MONTH(CA63)=MONTH(CA62),CB62+BZ63,BZ63) -> 0 | CD63: 0 | CE63: 38778 | CF63: =IF(MONTH(CE63)=MONTH(CE62),CF62+CD63,CD63) -> 0 | CH63: 0.65173179 | CI63: 38413 | CJ63: =IF(MONTH(CI63)=MONTH(CI62),CJ62+CH63,CH63) -> 0.92647606 | CL63: 1.9162766 | CM63: 38048 | CN63: =IF(MONTH(CM63)=MONTH(CM62),CN62+CL63,CL63) -> 8.598786 | CP63: 1.884531 | CQ63: 37682 | CR63: =IF(MONTH(CQ63)=MONTH(CQ62),CR62+CP63,CP63) -> 8.8772287 | CT63: 5.8680353 | CU63: 37317 | CV63: =IF(MONTH(CU63)=MONTH(CU62),CV62+CT63,CT63) -> 6.29024 | CX63: 0.17122641 | CY63: 36952 | CZ63: =IF(MONTH(CY63)=MONTH(CY62),CZ62+CX63,CX63) -> 3.7145213 | DB63: 0.048720054 | DC63: 36587 | DD63: =IF(MONTH(DC63)=MONTH(DC62),DD62+DB63,DB63) -> 4.4665047
A64: =MEDIAN(F64,J64,N64,R64,V64,Z64,AD64,AH64,AL64,AP64,AT64,AX64,BB64,BF64,BJ64,BN64,BR64,BV64,BZ64,CD64,CH64,CL64,CP64,CT64,CX64,DB64) -> 5.4549696 | B64: 46815 | C64: =IF(MONTH(B64)=MONTH(B63),A64+C63,A64) -> 10.157573 | E64: 1097208 | F64: 18.927113 | G64: =E64/24+2 -> 45719 | H64: =IF(MONTH(G64)=MONTH(G63),F64+H63,F64) -> 40.128234 | I64: 1088448 | J64: 6.9670501 | K64: =I64/24+2 -> 45354 | L64: =IF(MONTH(K64)=MONTH(K63),J64+L63,J64) -> 15.741402 | M64: 1079664 | N64: 7.0860991 | O64: =M64/24+2 -> 44988 | P64: =IF(MONTH(O64)=MONTH(O63),N64+P63,N64) -> 18.843992 | Q64: 1070904 | R64: 10.189713 | S64: =Q64/24+2 -> 44623 | T64: =IF(MONTH(S64)=MONTH(S63),R64+T63,R64) -> 42.14807 | U64: 1062144 | V64: 24.382816 | W64: =U64/24+2 -> 44258 | X64: =IF(MONTH(W64)=MONTH(W63),V64+X63,V64) -> 66.649804 | Y64: 1053384 | Z64: 1.1279926 | AA64: =Y64/24+2 -> 43893 | AB64: =IF(MONTH(AA64)=MONTH(AA63),Z64+AB63,Z64) -> 10.149828 | AD64: 5.4585438 | AE64: 43527 | AF64: =IF(MONTH(AE64)=MONTH(AE63),AF63+AD64,AD64) -> 7.1683522 | AH64: 6.3288689 | AI64: 43162 | AJ64: =IF(MONTH(AI64)=MONTH(AI63),AJ63+AH64,AH64) -> 67.342434 | AL64: 0.73604387 | AM64: 42797 | AN64: =IF(MONTH(AM64)=MONTH(AM63),AN63+AL64,AL64) -> 3.3568816 | AP64: 5.4513955 | AQ64: 42432 | AR64: =IF(MONTH(AQ64)=MONTH(AQ63),AR63+AP64,AP64) -> 13.60013 | AT64: 2.3233359 | AU64: 42066 | AV64: =IF(MONTH(AU64)=MONTH(AU63),AV63+AT64,AT64) -> 38.054446 | AX64: 26.464182 | AY64: 41701 | AZ64: =IF(MONTH(AY64)=MONTH(AY63),AZ63+AX64,AX64) -> 29.586804 | BB64: 5.4680967 | BC64: 41336 | BD64: =IF(MONTH(BC64)=MONTH(BC63),BD63+BB64,BB64) -> 10.247649 | BF64: 32.557522 | BG64: 40971 | BH64: =IF(MONTH(BG64)=MONTH(BG63),BH63+BF64,BF64) -> 96.383511 | BJ64: 1.2332761 | BK64: 40605 | BL64: =IF(MONTH(BK64)=MONTH(BK63),BL63+BJ64,BJ64) -> 11.536175 | BN64: 11.071673 | BO64: 40240 | BP64: =IF(MONTH(BO64)=MONTH(BO63),BP63+BN64,BN64) -> 26.903285 | BR64: 32.941059 | BS64: 39875 | BT64: =IF(MONTH(BS64)=MONTH(BS63),BT63+BR64,BR64) -> 38.127735 | BV64: 0 | BW64: 39510 | BX64: =IF(MONTH(BW64)=MONTH(BW63),BX63+BV64,BV64) -> 1.7458134 | BZ64: 0 | CA64: 39144 | CB64: =IF(MONTH(CA64)=MONTH(CA63),CB63+BZ64,BZ64) -> 0 | CD64: 0 | CE64: 38779 | CF64: =IF(MONTH(CE64)=MONTH(CE63),CF63+CD64,CD64) -> 0 | CH64: 11.172143 | CI64: 38414 | CJ64: =IF(MONTH(CI64)=MONTH(CI63),CJ63+CH64,CH64) -> 12.098619 | CL64: 3.1189523 | CM64: 38049 | CN64: =IF(MONTH(CM64)=MONTH(CM63),CN63+CL64,CL64) -> 11.717738 | CP64: 3.1761134 | CQ64: 37683 | CR64: =IF(MONTH(CQ64)=MONTH(CQ63),CR63+CP64,CP64) -> 12.053342 | CT64: 0.16403233 | CU64: 37318 | CV64: =IF(MONTH(CU64)=MONTH(CU63),CV63+CT64,CT64) -> 6.4542723 | CX64: 2.5971322 | CY64: 36953 | CZ64: =IF(MONTH(CY64)=MONTH(CY63),CZ63+CX64,CX64) -> 6.3116535 | DB64: 2.600071 | DC64: 36588 | DD64: =IF(MONTH(DC64)=MONTH(DC63),DD63+DB64,DB64) -> 7.0665757
A65: =MEDIAN(F65,J65,N65,R65,V65,Z65,AD65,AH65,AL65,AP65,AT65,AX65,BB65,BF65,BJ65,BN65,BR65,BV65,BZ65,CD65,CH65,CL65,CP65,CT65,CX65,DB65) -> 3.3404515 | B65: 46816 | C65: =IF(MONTH(B65)=MONTH(B64),A65+C64,A65) -> 13.498024 | E65: 1097232 | F65: 1.8646449 | G65: =E65/24+2 -> 45720 | H65: =IF(MONTH(G65)=MONTH(G64),F65+H64,F65) -> 41.992879 | I65: 1088472 | J65: 2.2645531 | K65: =I65/24+2 -> 45355 | L65: =IF(MONTH(K65)=MONTH(K64),J65+L64,J65) -> 18.005955 | M65: 1079688 | N65: 22.548365 | O65: =M65/24+2 -> 44989 | P65: =IF(MONTH(O65)=MONTH(O64),N65+P64,N65) -> 41.392356 | Q65: 1070928 | R65: 3.21825 | S65: =Q65/24+2 -> 44624 | T65: =IF(MONTH(S65)=MONTH(S64),R65+T64,R65) -> 45.36632 | U65: 1062168 | V65: 8.5946655 | W65: =U65/24+2 -> 44259 | X65: =IF(MONTH(W65)=MONTH(W64),V65+X64,V65) -> 75.24447 | Y65: 1053408 | Z65: 0.86818981 | AA65: =Y65/24+2 -> 43894 | AB65: =IF(MONTH(AA65)=MONTH(AA64),Z65+AB64,Z65) -> 11.018018 | AD65: 0.38082778 | AE65: 43528 | AF65: =IF(MONTH(AE65)=MONTH(AE64),AF64+AD65,AD65) -> 7.54918 | AH65: 0.5092563 | AI65: 43163 | AJ65: =IF(MONTH(AI65)=MONTH(AI64),AJ64+AH65,AH65) -> 67.85169 | AL65: 2.7461679 | AM65: 42798 | AN65: =IF(MONTH(AM65)=MONTH(AM64),AN64+AL65,AL65) -> 6.1030495 | AP65: 6.2164741 | AQ65: 42433 | AR65: =IF(MONTH(AQ65)=MONTH(AQ64),AR64+AP65,AP65) -> 19.816604 | AT65: 2.5363269 | AU65: 42067 | AV65: =IF(MONTH(AU65)=MONTH(AU64),AV64+AT65,AT65) -> 40.590772 | AX65: 3.4626529 | AY65: 41702 | AZ65: =IF(MONTH(AY65)=MONTH(AY64),AZ64+AX65,AX65) -> 33.049457 | BB65: 2.1569219 | BC65: 41337 | BD65: =IF(MONTH(BC65)=MONTH(BC64),BD64+BB65,BB65) -> 12.404571 | BF65: 27.156269 | BG65: 40972 | BH65: =IF(MONTH(BG65)=MONTH(BG64),BH64+BF65,BF65) -> 123.53978 | BJ65: 8.6860991 | BK65: 40606 | BL65: =IF(MONTH(BK65)=MONTH(BK64),BL64+BJ65,BJ65) -> 20.222274 | BN65: 0 | BO65: 40241 | BP65: =IF(MONTH(BO65)=MONTH(BO64),BP64+BN65,BN65) -> 26.903285 | BR65: 13.310629 | BS65: 39876 | BT65: =IF(MONTH(BS65)=MONTH(BS64),BT64+BR65,BR65) -> 51.438364 | BV65: 1.6616962 | BW65: 39511 | BX65: =IF(MONTH(BW65)=MONTH(BW64),BX64+BV65,BV65) -> 3.4075096 | BZ65: 3.6989512 | CA65: 39145 | CB65: =IF(MONTH(CA65)=MONTH(CA64),CB64+BZ65,BZ65) -> 3.6989512 | CD65: 0 | CE65: 38780 | CF65: =IF(MONTH(CE65)=MONTH(CE64),CF64+CD65,CD65) -> 0 | CH65: 0 | CI65: 38415 | CJ65: =IF(MONTH(CI65)=MONTH(CI64),CJ64+CH65,CH65) -> 12.098619 | CL65: 14.918016 | CM65: 38050 | CN65: =IF(MONTH(CM65)=MONTH(CM64),CN64+CL65,CL65) -> 26.635755 | CP65: 14.454524 | CQ65: 37684 | CR65: =IF(MONTH(CQ65)=MONTH(CQ64),CR64+CP65,CP65) -> 26.507866 | CT65: 19.412468 | CU65: 37319 | CV65: =IF(MONTH(CU65)=MONTH(CU64),CV64+CT65,CT65) -> 25.86674 | CX65: 4.7422628 | CY65: 36954 | CZ65: =IF(MONTH(CY65)=MONTH(CY64),CZ64+CX65,CX65) -> 11.053916 | DB65: 5.000402 | DC65: 36589 | DD65: =IF(MONTH(DC65)=MONTH(DC64),DD64+DB65,DB65) -> 12.066978
A66: =MEDIAN(F66,J66,N66,R66,V66,Z66,AD66,AH66,AL66,AP66,AT66,AX66,BB66,BF66,BJ66,BN66,BR66,BV66,BZ66,CD66,CH66,CL66,CP66,CT66,CX66,DB66) -> 2.4087863 | B66: 46817 | C66: =IF(MONTH(B66)=MONTH(B65),A66+C65,A66) -> 15.906811 | E66: 1097256 | F66: 4.2087789 | G66: =E66/24+2 -> 45721 | H66: =IF(MONTH(G66)=MONTH(G65),F66+H65,F66) -> 46.201658 | I66: 1088496 | J66: 0.088286363 | K66: =I66/24+2 -> 45356 | L66: =IF(MONTH(K66)=MONTH(K65),J66+L65,J66) -> 18.094241 | M66: 1079712 | N66: 20.628454 | O66: =M66/24+2 -> 44990 | P66: =IF(MONTH(O66)=MONTH(O65),N66+P65,N66) -> 62.02081 | Q66: 1070952 | R66: 0.97224611 | S66: =Q66/24+2 -> 44625 | T66: =IF(MONTH(S66)=MONTH(S65),R66+T65,R66) -> 46.338566 | U66: 1062192 | V66: 0.47076461 | W66: =U66/24+2 -> 44260 | X66: =IF(MONTH(W66)=MONTH(W65),V66+X65,V66) -> 75.715234 | Y66: 1053432 | Z66: 1.8754395 | AA66: =Y66/24+2 -> 43895 | AB66: =IF(MONTH(AA66)=MONTH(AA65),Z66+AB65,Z66) -> 12.893458 | AD66: 3.8834584 | AE66: 43529 | AF66: =IF(MONTH(AE66)=MONTH(AE65),AF65+AD66,AD66) -> 11.432638 | AH66: 0.039040472 | AI66: 43164 | AJ66: =IF(MONTH(AI66)=MONTH(AI65),AJ65+AH66,AH66) -> 67.890731 | AL66: 2.585238 | AM66: 42799 | AN66: =IF(MONTH(AM66)=MONTH(AM65),AN65+AL66,AL66) -> 8.6882875 | AP66: 17.574947 | AQ66: 42434 | AR66: =IF(MONTH(AQ66)=MONTH(AQ65),AR65+AP66,AP66) -> 37.391551 | AT66: 0.46230549 | AU66: 42068 | AV66: =IF(MONTH(AU66)=MONTH(AU65),AV65+AT66,AT66) -> 41.053078 | AX66: 37.235115 | AY66: 41703 | AZ66: =IF(MONTH(AY66)=MONTH(AY65),AZ65+AX66,AX66) -> 70.284572 | BB66: 0 | BC66: 41338 | BD66: =IF(MONTH(BC66)=MONTH(BC65),BD65+BB66,BB66) -> 12.404571 | BF66: 5.4607501 | BG66: 40973 | BH66: =IF(MONTH(BG66)=MONTH(BG65),BH65+BF66,BF66) -> 129.00053 | BJ66: 0.24335019 | BK66: 40607 | BL66: =IF(MONTH(BK66)=MONTH(BK65),BL65+BJ66,BJ66) -> 20.465624 | BN66: 0.75444853 | BO66: 40242 | BP66: =IF(MONTH(BO66)=MONTH(BO65),BP65+BN66,BN66) -> 27.657734 | BR66: 21.691708 | BS66: 39877 | BT66: =IF(MONTH(BS66)=MONTH(BS65),BT65+BR66,BR66) -> 73.130072 | BV66: 9.4014711 | BW66: 39512 | BX66: =IF(MONTH(BW66)=MONTH(BW65),BX65+BV66,BV66) -> 12.808981 | BZ66: 1.2702833 | CA66: 39146 | CB66: =IF(MONTH(CA66)=MONTH(CA65),CB65+BZ66,BZ66) -> 4.9692346 | CD66: 1.1773965 | CE66: 38781 | CF66: =IF(MONTH(CE66)=MONTH(CE65),CF65+CD66,CD66) -> 1.1773965 | CH66: 2.2323346 | CI66: 38416 | CJ66: =IF(MONTH(CI66)=MONTH(CI65),CJ65+CH66,CH66) -> 14.330954 | CL66: 5.505919 | CM66: 38051 | CN66: =IF(MONTH(CM66)=MONTH(CM65),CN65+CL66,CL66) -> 32.141674 | CP66: 5.2097445 | CQ66: 37685 | CR66: =IF(MONTH(CQ66)=MONTH(CQ65),CR65+CP66,CP66) -> 31.717611 | CT66: 4.9112821 | CU66: 37320 | CV66: =IF(MONTH(CU66)=MONTH(CU65),CV65+CT66,CT66) -> 30.778022 | CX66: 0.49605042 | CY66: 36955 | CZ66: =IF(MONTH(CY66)=MONTH(CY65),CZ65+CX66,CX66) -> 11.549967 | DB66: 5.8324256 | DC66: 36590 | DD66: =IF(MONTH(DC66)=MONTH(DC65),DD65+DB66,DB66) -> 17.899403
A67: =MEDIAN(F67,J67,N67,R67,V67,Z67,AD67,AH67,AL67,AP67,AT67,AX67,BB67,BF67,BJ67,BN67,BR67,BV67,BZ67,CD67,CH67,CL67,CP67,CT67,CX67,DB67) -> 3.074648 | B67: 46818 | C67: =IF(MONTH(B67)=MONTH(B66),A67+C66,A67) -> 18.981459 | E67: 1097280 | F67: 7.9163933 | G67: =E67/24+2 -> 45722 | H67: =IF(MONTH(G67)=MONTH(G66),F67+H66,F67) -> 54.118051 | I67: 1088520 | J67: 7.2815299 | K67: =I67/24+2 -> 45357 | L67: =IF(MONTH(K67)=MONTH(K66),J67+L66,J67) -> 25.375771 | M67: 1079736 | N67: 19.514811 | O67: =M67/24+2 -> 44991 | P67: =IF(MONTH(O67)=MONTH(O66),N67+P66,N67) -> 81.535621 | Q67: 1070976 | R67: 47.911633 | S67: =Q67/24+2 -> 44626 | T67: =IF(MONTH(S67)=MONTH(S66),R67+T66,R67) -> 94.250199 | U67: 1062216 | V67: 4.6913486 | W67: =U67/24+2 -> 44261 | X67: =IF(MONTH(W67)=MONTH(W66),V67+X66,V67) -> 80.406583 | Y67: 1053456 | Z67: 22.442076 | AA67: =Y67/24+2 -> 43896 | AB67: =IF(MONTH(AA67)=MONTH(AA66),Z67+AB66,Z67) -> 35.335533 | AD67: 26.771017 | AE67: 43530 | AF67: =IF(MONTH(AE67)=MONTH(AE66),AF66+AD67,AD67) -> 38.203655 | AH67: 0.86155492 | AI67: 43165 | AJ67: =IF(MONTH(AI67)=MONTH(AI66),AJ66+AH67,AH67) -> 68.752286 | AL67: 2.9430037 | AM67: 42800 | AN67: =IF(MONTH(AM67)=MONTH(AM66),AN66+AL67,AL67) -> 11.631291 | AP67: 0.099683851 | AQ67: 42435 | AR67: =IF(MONTH(AQ67)=MONTH(AQ66),AR66+AP67,AP67) -> 37.491235 | AT67: 3.2062924 | AU67: 42069 | AV67: =IF(MONTH(AU67)=MONTH(AU66),AV66+AT67,AT67) -> 44.25937 | AX67: 5.8827863 | AY67: 41704 | AZ67: =IF(MONTH(AY67)=MONTH(AY66),AZ66+AX67,AX67) -> 76.167358 | BB67: 0 | BC67: 41339 | BD67: =IF(MONTH(BC67)=MONTH(BC66),BD66+BB67,BB67) -> 12.404571 | BF67: 15.561228 | BG67: 40974 | BH67: =IF(MONTH(BG67)=MONTH(BG66),BH66+BF67,BF67) -> 144.56176 | BJ67: 0 | BK67: 40608 | BL67: =IF(MONTH(BK67)=MONTH(BK66),BL66+BJ67,BJ67) -> 20.465624 | BN67: 5.8374524 | BO67: 40243 | BP67: =IF(MONTH(BO67)=MONTH(BO66),BP66+BN67,BN67) -> 33.495186 | BR67: 2.938355 | BS67: 39878 | BT67: =IF(MONTH(BS67)=MONTH(BS66),BT66+BR67,BR67) -> 76.068427 | BV67: 3.7690842 | BW67: 39513 | BX67: =IF(MONTH(BW67)=MONTH(BW66),BX66+BV67,BV67) -> 16.578065 | BZ67: 0 | CA67: 39147 | CB67: =IF(MONTH(CA67)=MONTH(CA66),CB66+BZ67,BZ67) -> 4.9692346 | CD67: 0 | CE67: 38782 | CF67: =IF(MONTH(CE67)=MONTH(CE66),CF66+CD67,CD67) -> 1.1773965 | CH67: 21.565617 | CI67: 38417 | CJ67: =IF(MONTH(CI67)=MONTH(CI66),CJ66+CH67,CH67) -> 35.89657 | CL67: 0.61125427 | CM67: 38052 | CN67: =IF(MONTH(CM67)=MONTH(CM66),CN66+CL67,CL67) -> 32.752928 | CP67: 0.68752968 | CQ67: 37686 | CR67: =IF(MONTH(CQ67)=MONTH(CQ66),CR66+CP67,CP67) -> 32.40514 | CT67: 0.50769103 | CU67: 37321 | CV67: =IF(MONTH(CU67)=MONTH(CU66),CV66+CT67,CT67) -> 31.285713 | CX67: 0.56790483 | CY67: 36956 | CZ67: =IF(MONTH(CY67)=MONTH(CY66),CZ66+CX67,CX67) -> 12.117872 | DB67: 1.7793137 | DC67: 36591 | DD67: =IF(MONTH(DC67)=MONTH(DC66),DD66+DB67,DB67) -> 19.678717
A68: =MEDIAN(F68,J68,N68,R68,V68,Z68,AD68,AH68,AL68,AP68,AT68,AX68,BB68,BF68,BJ68,BN68,BR68,BV68,BZ68,CD68,CH68,CL68,CP68,CT68,CX68,DB68) -> 2.8499961 | B68: 46819 | C68: =IF(MONTH(B68)=MONTH(B67),A68+C67,A68) -> 21.831455 | E68: 1097304 | F68: 6.8804994 | G68: =E68/24+2 -> 45723 | H68: =IF(MONTH(G68)=MONTH(G67),F68+H67,F68) -> 60.99855 | I68: 1088544 | J68: 14.32299 | K68: =I68/24+2 -> 45358 | L68: =IF(MONTH(K68)=MONTH(K67),J68+L67,J68) -> 39.698762 | M68: 1079760 | N68: 3.1305287 | O68: =M68/24+2 -> 44992 | P68: =IF(MONTH(O68)=MONTH(O67),N68+P67,N68) -> 84.66615 | Q68: 1071000 | R68: 9.8350191 | S68: =Q68/24+2 -> 44627 | T68: =IF(MONTH(S68)=MONTH(S67),R68+T67,R68) -> 104.08522 | U68: 1062240 | V68: 1.10562 | W68: =U68/24+2 -> 44262 | X68: =IF(MONTH(W68)=MONTH(W67),V68+X67,V68) -> 81.512203 | Y68: 1053480 | Z68: 2.7844684 | AA68: =Y68/24+2 -> 43897 | AB68: =IF(MONTH(AA68)=MONTH(AA67),Z68+AB67,Z68) -> 38.120002 | AD68: 2.6714122 | AE68: 43531 | AF68: =IF(MONTH(AE68)=MONTH(AE67),AF67+AD68,AD68) -> 40.875068 | AH68: 1.3375438 | AI68: 43166 | AJ68: =IF(MONTH(AI68)=MONTH(AI67),AJ67+AH68,AH68) -> 70.089829 | AL68: 28.718618 | AM68: 42801 | AN68: =IF(MONTH(AM68)=MONTH(AM67),AN67+AL68,AL68) -> 40.34991 | AP68: 1.4123344 | AQ68: 42436 | AR68: =IF(MONTH(AQ68)=MONTH(AQ67),AR67+AP68,AP68) -> 38.903569 | AT68: 19.670797 | AU68: 42070 | AV68: =IF(MONTH(AU68)=MONTH(AU67),AV67+AT68,AT68) -> 63.930168 | AX68: 1.559533 | AY68: 41705 | AZ68: =IF(MONTH(AY68)=MONTH(AY67),AZ67+AX68,AX68) -> 77.726891 | BB68: 3.9376004 | BC68: 41340 | BD68: =IF(MONTH(BC68)=MONTH(BC67),BD67+BB68,BB68) -> 16.342171 | BF68: 7.829505 | BG68: 40975 | BH68: =IF(MONTH(BG68)=MONTH(BG67),BH67+BF68,BF68) -> 152.39126 | BJ68: 0 | BK68: 40609 | BL68: =IF(MONTH(BK68)=MONTH(BK67),BL67+BJ68,BJ68) -> 20.465624 | BN68: 2.8360448 | BO68: 40244 | BP68: =IF(MONTH(BO68)=MONTH(BO67),BP67+BN68,BN68) -> 36.331231 | BR68: 25.217724 | BS68: 39879 | BT68: =IF(MONTH(BS68)=MONTH(BS67),BT67+BR68,BR68) -> 101.28615 | BV68: 2.6477487 | BW68: 39514 | BX68: =IF(MONTH(BW68)=MONTH(BW67),BX67+BV68,BV68) -> 19.225814 | BZ68: 2.7518728 | CA68: 39148 | CB68: =IF(MONTH(CA68)=MONTH(CA67),CB67+BZ68,BZ68) -> 7.7211074 | CD68: 2.2124457 | CE68: 38783 | CF68: =IF(MONTH(CE68)=MONTH(CE67),CF67+CD68,CD68) -> 3.3898423 | CH68: 11.828439 | CI68: 38418 | CJ68: =IF(MONTH(CI68)=MONTH(CI67),CJ67+CH68,CH68) -> 47.725009 | CL68: 2.8639474 | CM68: 38053 | CN68: =IF(MONTH(CM68)=MONTH(CM67),CN67+CL68,CL68) -> 35.616875 | CP68: 3.1003315 | CQ68: 37687 | CR68: =IF(MONTH(CQ68)=MONTH(CQ67),CR67+CP68,CP68) -> 35.505472 | CT68: 7.5974159 | CU68: 37322 | CV68: =IF(MONTH(CU68)=MONTH(CU67),CV67+CT68,CT68) -> 38.883129 | CX68: 1.9889729 | CY68: 36957 | CZ68: =IF(MONTH(CY68)=MONTH(CY67),CZ67+CX68,CX68) -> 14.106845 | DB68: 0 | DC68: 36592 | DD68: =IF(MONTH(DC68)=MONTH(DC67),DD67+DB68,DB68) -> 19.678717
A69: =MEDIAN(F69,J69,N69,R69,V69,Z69,AD69,AH69,AL69,AP69,AT69,AX69,BB69,BF69,BJ69,BN69,BR69,BV69,BZ69,CD69,CH69,CL69,CP69,CT69,CX69,DB69) -> 7.2746296 | B69: 46820 | C69: =IF(MONTH(B69)=MONTH(B68),A69+C68,A69) -> 29.106084 | E69: 1097328 | F69: 9.7696304 | G69: =E69/24+2 -> 45724 | H69: =IF(MONTH(G69)=MONTH(G68),F69+H68,F69) -> 70.768181 | I69: 1088568 | J69: 0.16145475 | K69: =I69/24+2 -> 45359 | L69: =IF(MONTH(K69)=MONTH(K68),J69+L68,J69) -> 39.860216 | M69: 1079784 | N69: 3.3196332 | O69: =M69/24+2 -> 44993 | P69: =IF(MONTH(O69)=MONTH(O68),N69+P68,N69) -> 87.985783 | Q69: 1071024 | R69: 19.702604 | S69: =Q69/24+2 -> 44628 | T69: =IF(MONTH(S69)=MONTH(S68),R69+T68,R69) -> 123.78782 | U69: 1062264 | V69: 6.3843102 | W69: =U69/24+2 -> 44263 | X69: =IF(MONTH(W69)=MONTH(W68),V69+X68,V69) -> 87.896513 | Y69: 1053504 | Z69: 3.0217998 | AA69: =Y69/24+2 -> 43898 | AB69: =IF(MONTH(AA69)=MONTH(AA68),Z69+AB68,Z69) -> 41.141802 | AD69: 19.869322 | AE69: 43532 | AF69: =IF(MONTH(AE69)=MONTH(AE68),AF68+AD69,AD69) -> 60.74439 | AH69: 5.1011539 | AI69: 43167 | AJ69: =IF(MONTH(AI69)=MONTH(AI68),AJ68+AH69,AH69) -> 75.190983 | AL69: 24.634811 | AM69: 42802 | AN69: =IF(MONTH(AM69)=MONTH(AM68),AN68+AL69,AL69) -> 64.984721 | AP69: 44.221024 | AQ69: 42437 | AR69: =IF(MONTH(AQ69)=MONTH(AQ68),AR68+AP69,AP69) -> 83.124593 | AT69: 40.015968 | AU69: 42071 | AV69: =IF(MONTH(AU69)=MONTH(AU68),AV68+AT69,AT69) -> 103.94614 | AX69: 0.023882452 | AY69: 41706 | AZ69: =IF(MONTH(AY69)=MONTH(AY68),AZ68+AX69,AX69) -> 77.750774 | BB69: 8.9744263 | BC69: 41341 | BD69: =IF(MONTH(BC69)=MONTH(BC68),BD68+BB69,BB69) -> 25.316598 | BF69: 16.607077 | BG69: 40976 | BH69: =IF(MONTH(BG69)=MONTH(BG68),BH68+BF69,BF69) -> 168.99834 | BJ69: 0 | BK69: 40610 | BL69: =IF(MONTH(BK69)=MONTH(BK68),BL68+BJ69,BJ69) -> 20.465624 | BN69: 0.90080106 | BO69: 40245 | BP69: =IF(MONTH(BO69)=MONTH(BO68),BP68+BN69,BN69) -> 37.232032 | BR69: 7.8356042 | BS69: 39880 | BT69: =IF(MONTH(BS69)=MONTH(BS68),BT68+BR69,BR69) -> 109.12176 | BV69: 20.130001 | BW69: 39515 | BX69: =IF(MONTH(BW69)=MONTH(BW68),BX68+BV69,BV69) -> 39.355815 | BZ69: 0 | CA69: 39149 | CB69: =IF(MONTH(CA69)=MONTH(CA68),CB68+BZ69,BZ69) -> 7.7211074 | CD69: 14.744116 | CE69: 38784 | CF69: =IF(MONTH(CE69)=MONTH(CE68),CF68+CD69,CD69) -> 18.133958 | CH69: 20.4974 | CI69: 38419 | CJ69: =IF(MONTH(CI69)=MONTH(CI68),CJ68+CH69,CH69) -> 68.222409 | CL69: 7.1717706 | CM69: 38054 | CN69: =IF(MONTH(CM69)=MONTH(CM68),CN68+CL69,CL69) -> 42.788646 | CP69: 7.3774886 | CQ69: 37688 | CR69: =IF(MONTH(CQ69)=MONTH(CQ68),CR68+CP69,CP69) -> 42.88296 | CT69: 0.6627239 | CU69: 37323 | CV69: =IF(MONTH(CU69)=MONTH(CU68),CV68+CT69,CT69) -> 39.545853 | CX69: 0.043849863 | CY69: 36958 | CZ69: =IF(MONTH(CY69)=MONTH(CY68),CZ68+CX69,CX69) -> 14.150694 | DB69: 5.3429422 | DC69: 36593 | DD69: =IF(MONTH(DC69)=MONTH(DC68),DD68+DB69,DB69) -> 25.021659
A70: =MEDIAN(F70,J70,N70,R70,V70,Z70,AD70,AH70,AL70,AP70,AT70,AX70,BB70,BF70,BJ70,BN70,BR70,BV70,BZ70,CD70,CH70,CL70,CP70,CT70,CX70,DB70) -> 3.6935778 | B70: 46821 | C70: =IF(MONTH(B70)=MONTH(B69),A70+C69,A70) -> 32.799662 | E70: 1097352 | F70: 1.2113426 | G70: =E70/24+2 -> 45725 | H70: =IF(MONTH(G70)=MONTH(G69),F70+H69,F70) -> 71.979523 | I70: 1088592 | J70: 5.8773103 | K70: =I70/24+2 -> 45360 | L70: =IF(MONTH(K70)=MONTH(K69),J70+L69,J70) -> 45.737527 | M70: 1079808 | N70: 11.369577 | O70: =M70/24+2 -> 44994 | P70: =IF(MONTH(O70)=MONTH(O69),N70+P69,N70) -> 99.35536 | Q70: 1071048 | R70: 41.232037 | S70: =Q70/24+2 -> 44629 | T70: =IF(MONTH(S70)=MONTH(S69),R70+T69,R70) -> 165.01986 | U70: 1062288 | V70: 13.564484 | W70: =U70/24+2 -> 44264 | X70: =IF(MONTH(W70)=MONTH(W69),V70+X69,V70) -> 101.461 | Y70: 1053528 | Z70: 7.2393937 | AA70: =Y70/24+2 -> 43899 | AB70: =IF(MONTH(AA70)=MONTH(AA69),Z70+AB69,Z70) -> 48.381195 | AD70: 3.6383483 | AE70: 43533 | AF70: =IF(MONTH(AE70)=MONTH(AE69),AF69+AD70,AD70) -> 64.382738 | AH70: 4.4850426 | AI70: 43168 | AJ70: =IF(MONTH(AI70)=MONTH(AI69),AJ69+AH70,AH70) -> 79.676026 | AL70: 26.015104 | AM70: 42803 | AN70: =IF(MONTH(AM70)=MONTH(AM69),AN69+AL70,AL70) -> 90.999825 | AP70: 15.022559 | AQ70: 42438 | AR70: =IF(MONTH(AQ70)=MONTH(AQ69),AR69+AP70,AP70) -> 98.147152 | AT70: 2.1742275 | AU70: 42072 | AV70: =IF(MONTH(AU70)=MONTH(AU69),AV69+AT70,AT70) -> 106.12036 | AX70: 0.96520251 | AY70: 41707 | AZ70: =IF(MONTH(AY70)=MONTH(AY69),AZ69+AX70,AX70) -> 78.715976 | BB70: 1.3696194 | BC70: 41342 | BD70: =IF(MONTH(BC70)=MONTH(BC69),BD69+BB70,BB70) -> 26.686217 | BF70: 19.734888 | BG70: 40977 | BH70: =IF(MONTH(BG70)=MONTH(BG69),BH69+BF70,BF70) -> 188.73323 | BJ70: 8.4136677 | BK70: 40611 | BL70: =IF(MONTH(BK70)=MONTH(BK69),BL69+BJ70,BJ70) -> 28.879291 | BN70: 0.75031406 | BO70: 40246 | BP70: =IF(MONTH(BO70)=MONTH(BO69),BP69+BN70,BN70) -> 37.982346 | BR70: 0 | BS70: 39881 | BT70: =IF(MONTH(BS70)=MONTH(BS69),BT69+BR70,BR70) -> 109.12176 | BV70: 2.6807463 | BW70: 39516 | BX70: =IF(MONTH(BW70)=MONTH(BW69),BX69+BV70,BV70) -> 42.036561 | BZ70: 0 | CA70: 39150 | CB70: =IF(MONTH(CA70)=MONTH(CA69),CB69+BZ70,BZ70) -> 7.7211074 | CD70: 3.7488072 | CE70: 38785 | CF70: =IF(MONTH(CE70)=MONTH(CE69),CF69+CD70,CD70) -> 21.882765 | CH70: 0.56746393 | CI70: 38420 | CJ70: =IF(MONTH(CI70)=MONTH(CI69),CJ69+CH70,CH70) -> 68.789873 | CL70: 15.057028 | CM70: 38055 | CN70: =IF(MONTH(CM70)=MONTH(CM69),CN69+CL70,CL70) -> 57.845674 | CP70: 15.054349 | CQ70: 37689 | CR70: =IF(MONTH(CQ70)=MONTH(CQ69),CR69+CP70,CP70) -> 57.937309 | CT70: 0.25939471 | CU70: 37324 | CV70: =IF(MONTH(CU70)=MONTH(CU69),CV69+CT70,CT70) -> 39.805248 | CX70: 0.079720311 | CY70: 36959 | CZ70: =IF(MONTH(CY70)=MONTH(CY69),CZ69+CX70,CX70) -> 14.230415 | DB70: 3.4621739 | DC70: 36594 | DD70: =IF(MONTH(DC70)=MONTH(DC69),DD69+DB70,DB70) -> 28.483833
A71: =MEDIAN(F71,J71,N71,R71,V71,Z71,AD71,AH71,AL71,AP71,AT71,AX71,BB71,BF71,BJ71,BN71,BR71,BV71,BZ71,CD71,CH71,CL71,CP71,CT71,CX71,DB71) -> 3.5990735 | B71: 46822 | C71: =IF(MONTH(B71)=MONTH(B70),A71+C70,A71) -> 36.398736 | E71: 1097376 | F71: 0.90459365 | G71: =E71/24+2 -> 45726 | H71: =IF(MONTH(G71)=MONTH(G70),F71+H70,F71) -> 72.884117 | I71: 1088616 | J71: 17.650328 | K71: =I71/24+2 -> 45361 | L71: =IF(MONTH(K71)=MONTH(K70),J71+L70,J71) -> 63.387854 | M71: 1079832 | N71: 31.016016 | O71: =M71/24+2 -> 44995 | P71: =IF(MONTH(O71)=MONTH(O70),N71+P70,N71) -> 130.37138 | Q71: 1071072 | R71: 4.5864897 | S71: =Q71/24+2 -> 44630 | T71: =IF(MONTH(S71)=MONTH(S70),R71+T70,R71) -> 169.60635 | U71: 1062312 | V71: 15.221725 | W71: =U71/24+2 -> 44265 | X71: =IF(MONTH(W71)=MONTH(W70),V71+X70,V71) -> 116.68272 | Y71: 1053552 | Z71: 1.9663775 | AA71: =Y71/24+2 -> 43900 | AB71: =IF(MONTH(AA71)=MONTH(AA70),Z71+AB70,Z71) -> 50.347573 | AD71: 3.7833602 | AE71: 43534 | AF71: =IF(MONTH(AE71)=MONTH(AE70),AF70+AD71,AD71) -> 68.166098 | AH71: 0 | AI71: 43169 | AJ71: =IF(MONTH(AI71)=MONTH(AI70),AJ70+AH71,AH71) -> 79.676026 | AL71: 0.5549559 | AM71: 42804 | AN71: =IF(MONTH(AM71)=MONTH(AM70),AN70+AL71,AL71) -> 91.554781 | AP71: 2.4762459 | AQ71: 42439 | AR71: =IF(MONTH(AQ71)=MONTH(AQ70),AR70+AP71,AP71) -> 100.6234 | AT71: 3.4147868 | AU71: 42073 | AV71: =IF(MONTH(AU71)=MONTH(AU70),AV70+AT71,AT71) -> 109.53515 | AX71: 8.4295883 | AY71: 41708 | AZ71: =IF(MONTH(AY71)=MONTH(AY70),AZ70+AX71,AX71) -> 87.145564 | BB71: 10.79454 | BC71: 41343 | BD71: =IF(MONTH(BC71)=MONTH(BC70),BD70+BB71,BB71) -> 37.480757 | BF71: 2.6041808 | BG71: 40978 | BH71: =IF(MONTH(BG71)=MONTH(BG70),BH70+BF71,BF71) -> 191.33741 | BJ71: 11.488687 | BK71: 40612 | BL71: =IF(MONTH(BK71)=MONTH(BK70),BL70+BJ71,BJ71) -> 40.367978 | BN71: 12.897224 | BO71: 40247 | BP71: =IF(MONTH(BO71)=MONTH(BO70),BP70+BN71,BN71) -> 50.879571 | BR71: 0 | BS71: 39882 | BT71: =IF(MONTH(BS71)=MONTH(BS70),BT70+BR71,BR71) -> 109.12176 | BV71: 4.3965192 | BW71: 39517 | BX71: =IF(MONTH(BW71)=MONTH(BW70),BX70+BV71,BV71) -> 46.43308 | BZ71: 0.21914995 | CA71: 39151 | CB71: =IF(MONTH(CA71)=MONTH(CA70),CB70+BZ71,BZ71) -> 7.9402573 | CD71: 30.766602 | CE71: 38786 | CF71: =IF(MONTH(CE71)=MONTH(CE70),CF70+CD71,CD71) -> 52.649367 | CH71: 2.8703659 | CI71: 38421 | CJ71: =IF(MONTH(CI71)=MONTH(CI70),CJ70+CH71,CH71) -> 71.660239 | CL71: 25.137625 | CM71: 38056 | CN71: =IF(MONTH(CM71)=MONTH(CM70),CN70+CL71,CL71) -> 82.983298 | CP71: 34.807766 | CQ71: 37690 | CR71: =IF(MONTH(CQ71)=MONTH(CQ70),CR70+CP71,CP71) -> 92.745075 | CT71: 2.1517198 | CU71: 37325 | CV71: =IF(MONTH(CU71)=MONTH(CU70),CV70+CT71,CT71) -> 41.956968 | CX71: 0.32082006 | CY71: 36960 | CZ71: =IF(MONTH(CY71)=MONTH(CY70),CZ70+CX71,CX71) -> 14.551235 | DB71: 0.078244731 | DC71: 36595 | DD71: =IF(MONTH(DC71)=MONTH(DC70),DD70+DB71,DB71) -> 28.562078
A72: =MEDIAN(F72,J72,N72,R72,V72,Z72,AD72,AH72,AL72,AP72,AT72,AX72,BB72,BF72,BJ72,BN72,BR72,BV72,BZ72,CD72,CH72,CL72,CP72,CT72,CX72,DB72) -> 4.5849595 | B72: 46823 | C72: =IF(MONTH(B72)=MONTH(B71),A72+C71,A72) -> 40.983695 | E72: 1097400 | F72: 39.36784 | G72: =E72/24+2 -> 45727 | H72: =IF(MONTH(G72)=MONTH(G71),F72+H71,F72) -> 112.25196 | I72: 1088640 | J72: 0 | K72: =I72/24+2 -> 45362 | L72: =IF(MONTH(K72)=MONTH(K71),J72+L71,J72) -> 63.387854 | M72: 1079856 | N72: 21.118923 | O72: =M72/24+2 -> 44996 | P72: =IF(MONTH(O72)=MONTH(O71),N72+P71,N72) -> 151.4903 | Q72: 1071096 | R72: 23.014595 | S72: =Q72/24+2 -> 44631 | T72: =IF(MONTH(S72)=MONTH(S71),R72+T71,R72) -> 192.62094 | U72: 1062336 | V72: 5.797543 | W72: =U72/24+2 -> 44266 | X72: =IF(MONTH(W72)=MONTH(W71),V72+X71,V72) -> 122.48027 | Y72: 1053576 | Z72: 1.117449 | AA72: =Y72/24+2 -> 43901 | AB72: =IF(MONTH(AA72)=MONTH(AA71),Z72+AB71,Z72) -> 51.465022 | AD72: 7.2328897 | AE72: 43535 | AF72: =IF(MONTH(AE72)=MONTH(AE71),AF71+AD72,AD72) -> 75.398988 | AH72: 12.592727 | AI72: 43170 | AJ72: =IF(MONTH(AI72)=MONTH(AI71),AJ71+AH72,AH72) -> 92.268753 | AL72: 7.610045 | AM72: 42805 | AN72: =IF(MONTH(AM72)=MONTH(AM71),AN71+AL72,AL72) -> 99.164826 | AP72: 1.0350302 | AQ72: 42440 | AR72: =IF(MONTH(AQ72)=MONTH(AQ71),AR71+AP72,AP72) -> 101.65843 | AT72: 4.3598747 | AU72: 42074 | AV72: =IF(MONTH(AU72)=MONTH(AU71),AV71+AT72,AT72) -> 113.89502 | AX72: 2.0978234 | AY72: 41709 | AZ72: =IF(MONTH(AY72)=MONTH(AY71),AZ71+AX72,AX72) -> 89.243388 | BB72: 4.8100443 | BC72: 41344 | BD72: =IF(MONTH(BC72)=MONTH(BC71),BD71+BB72,BB72) -> 42.290802 | BF72: 24.518614 | BG72: 40979 | BH72: =IF(MONTH(BG72)=MONTH(BG71),BH71+BF72,BF72) -> 215.85602 | BJ72: 2.8087206 | BK72: 40613 | BL72: =IF(MONTH(BK72)=MONTH(BK71),BL71+BJ72,BJ72) -> 43.176699 | BN72: 6.9111238 | BO72: 40248 | BP72: =IF(MONTH(BO72)=MONTH(BO71),BP71+BN72,BN72) -> 57.790694 | BR72: 2.9883351 | BS72: 39883 | BT72: =IF(MONTH(BS72)=MONTH(BS71),BT71+BR72,BR72) -> 112.11009 | BV72: 35.895966 | BW72: 39518 | BX72: =IF(MONTH(BW72)=MONTH(BW71),BX71+BV72,BV72) -> 82.329046 | BZ72: 1.4633708 | CA72: 39152 | CB72: =IF(MONTH(CA72)=MONTH(CA71),CB71+BZ72,BZ72) -> 9.4036281 | CD72: 11.224321 | CE72: 38787 | CF72: =IF(MONTH(CE72)=MONTH(CE71),CF71+CD72,CD72) -> 63.873688 | CH72: 1.0677361 | CI72: 38422 | CJ72: =IF(MONTH(CI72)=MONTH(CI71),CJ71+CH72,CH72) -> 72.727975 | CL72: 1.191882 | CM72: 38057 | CN72: =IF(MONTH(CM72)=MONTH(CM71),CN71+CL72,CL72) -> 84.17518 | CP72: 2.0038085 | CQ72: 37691 | CR72: =IF(MONTH(CQ72)=MONTH(CQ71),CR71+CP72,CP72) -> 94.748884 | CT72: 8.2753077 | CU72: 37326 | CV72: =IF(MONTH(CU72)=MONTH(CU71),CV71+CT72,CT72) -> 50.232275 | CX72: 0.067762598 | CY72: 36961 | CZ72: =IF(MONTH(CY72)=MONTH(CY71),CZ71+CX72,CX72) -> 14.618997 | DB72: 0.098926552 | DC72: 36596 | DD72: =IF(MONTH(DC72)=MONTH(DC71),DD71+DB72,DB72) -> 28.661004
A73: =MEDIAN(F73,J73,N73,R73,V73,Z73,AD73,AH73,AL73,AP73,AT73,AX73,BB73,BF73,BJ73,BN73,BR73,BV73,BZ73,CD73,CH73,CL73,CP73,CT73,CX73,DB73) -> 2.1773463 | B73: 46824 | C73: =IF(MONTH(B73)=MONTH(B72),A73+C72,A73) -> 43.161041 | E73: 1097424 | F73: 29.175922 | G73: =E73/24+2 -> 45728 | H73: =IF(MONTH(G73)=MONTH(G72),F73+H72,F73) -> 141.42788 | I73: 1088664 | J73: 0 | K73: =I73/24+2 -> 45363 | L73: =IF(MONTH(K73)=MONTH(K72),J73+L72,J73) -> 63.387854 | M73: 1079880 | N73: 19.760201 | O73: =M73/24+2 -> 44997 | P73: =IF(MONTH(O73)=MONTH(O72),N73+P72,N73) -> 171.2505 | Q73: 1071120 | R73: 22.630064 | S73: =Q73/24+2 -> 44632 | T73: =IF(MONTH(S73)=MONTH(S72),R73+T72,R73) -> 215.25101 | U73: 1062360 | V73: 5.1283565 | W73: =U73/24+2 -> 44267 | X73: =IF(MONTH(W73)=MONTH(W72),V73+X72,V73) -> 127.60862 | Y73: 1053600 | Z73: 4.0325003 | AA73: =Y73/24+2 -> 43902 | AB73: =IF(MONTH(AA73)=MONTH(AA72),Z73+AB72,Z73) -> 55.497522 | AD73: 0.68764764 | AE73: 43536 | AF73: =IF(MONTH(AE73)=MONTH(AE72),AF72+AD73,AD73) -> 76.086635 | AH73: 0.47526145 | AI73: 43171 | AJ73: =IF(MONTH(AI73)=MONTH(AI72),AJ72+AH73,AH73) -> 92.744014 | AL73: 4.637857 | AM73: 42806 | AN73: =IF(MONTH(AM73)=MONTH(AM72),AN72+AL73,AL73) -> 103.80268 | AP73: 0.42887101 | AQ73: 42441 | AR73: =IF(MONTH(AQ73)=MONTH(AQ72),AR72+AP73,AP73) -> 102.0873 | AT73: 3.4150796 | AU73: 42075 | AV73: =IF(MONTH(AU73)=MONTH(AU72),AV72+AT73,AT73) -> 117.3101 | AX73: 1.7253377 | AY73: 41710 | AZ73: =IF(MONTH(AY73)=MONTH(AY72),AZ72+AX73,AX73) -> 90.968726 | BB73: 4.6277466 | BC73: 41345 | BD73: =IF(MONTH(BC73)=MONTH(BC72),BD72+BB73,BB73) -> 46.918548 | BF73: 27.536999 | BG73: 40980 | BH73: =IF(MONTH(BG73)=MONTH(BG72),BH72+BF73,BF73) -> 243.39302 | BJ73: 0.22181916 | BK73: 40614 | BL73: =IF(MONTH(BK73)=MONTH(BK72),BL72+BJ73,BJ73) -> 43.398518 | BN73: 0 | BO73: 40249 | BP73: =IF(MONTH(BO73)=MONTH(BO72),BP72+BN73,BN73) -> 57.790694 | BR73: 0.58232856 | BS73: 39884 | BT73: =IF(MONTH(BS73)=MONTH(BS72),BT72+BR73,BR73) -> 112.69242 | BV73: 18.659689 | BW73: 39519 | BX73: =IF(MONTH(BW73)=MONTH(BW72),BX72+BV73,BV73) -> 100.98873 | BZ73: 0.54062349 | CA73: 39153 | CB73: =IF(MONTH(CA73)=MONTH(CA72),CB72+BZ73,BZ73) -> 9.9442516 | CD73: 3.3029785 | CE73: 38788 | CF73: =IF(MONTH(CE73)=MONTH(CE72),CF72+CD73,CD73) -> 67.176667 | CH73: 0 | CI73: 38423 | CJ73: =IF(MONTH(CI73)=MONTH(CI72),CJ72+CH73,CH73) -> 72.727975 | CL73: 2.629355 | CM73: 38058 | CN73: =IF(MONTH(CM73)=MONTH(CM72),CN72+CL73,CL73) -> 86.804535 | CP73: 0.59939712 | CQ73: 37692 | CR73: =IF(MONTH(CQ73)=MONTH(CQ72),CR72+CP73,CP73) -> 95.348281 | CT73: 6.1308203 | CU73: 37327 | CV73: =IF(MONTH(CU73)=MONTH(CU72),CV72+CT73,CT73) -> 56.363096 | CX73: 0 | CY73: 36962 | CZ73: =IF(MONTH(CY73)=MONTH(CY72),CZ72+CX73,CX73) -> 14.618997 | DB73: 0.12397289 | DC73: 36597 | DD73: =IF(MONTH(DC73)=MONTH(DC72),DD72+DB73,DB73) -> 28.784977
... A308: =MEDIAN(F308,J308,N308,R308,V308,Z308,AD308,AH308,AL308,AP308,AT308,AX308,BB308,BF308,BJ308,BN308,BR308,BV308,BZ308,CD308,CH308,CL308,CP308,CT308,CX308,DB308) -> 4.1726859 | B308: 47059 | C308: =IF(MONTH(B308)=MONTH(B307),A308+C307,A308) -> 6.8318673 | E308: 1103064 | F308: 4.8467522 | G308: =E308/24+2 -> 45963 | H308: =IF(MONTH(G308)=MONTH(G307),F308+H307,F308) -> 6.0020429 | I308: 1094304 | J308: 0.22268243 | K308: =I308/24+2 -> 45598 | L308: =IF(MONTH(K308)=MONTH(K307),J308+L307,J308) -> 0.26334468 | M308: 1085520 | N308: 5.9611859 | O308: =M308/24+2 -> 45232 | P308: =IF(MONTH(O308)=MONTH(O307),N308+P307,N308) -> 11.977993 | Q308: 1076760 | R308: 33.815735 | S308: =Q308/24+2 -> 44867 | T308: =IF(MONTH(S308)=MONTH(S307),R308+T307,R308) -> 44.190154 | U308: 1068000 | V308: 5.3331771 | W308: =U308/24+2 -> 44502 | X308: =IF(MONTH(W308)=MONTH(W307),V308+X307,V308) -> 23.141181 | Y308: 1059240 | Z308: 0 | AA308: =Y308/24+2 -> 44137 | AB308: =IF(MONTH(AA308)=MONTH(AA307),Z308+AB307,Z308) -> 0.73234504 | AD308: 4.0733643 | AE308: 43771 | AF308: =IF(MONTH(AE308)=MONTH(AE307),AF307+AD308,AD308) -> 6.7085936 | AH308: 2.8684521 | AI308: 43406 | AJ308: =IF(MONTH(AI308)=MONTH(AI307),AJ307+AH308,AH308) -> 7.3708186 | AL308: 11.014134 | AM308: 43041 | AN308: =IF(MONTH(AM308)=MONTH(AM307),AN307+AL308,AL308) -> 30.567491 | AP308: 0 | AQ308: 42676 | AR308: =IF(MONTH(AQ308)=MONTH(AQ307),AR307+AP308,AP308) -> 0 | AT308: 13.673841 | AU308: 42310 | AV308: =IF(MONTH(AU308)=MONTH(AU307),AV307+AT308,AT308) -> 14.009138 | AX308: 11.69449 | AY308: 41945 | AZ308: =IF(MONTH(AY308)=MONTH(AY307),AZ307+AX308,AX308) -> 14.726169 | BB308: 17.302692 | BC308: 41580 | BD308: =IF(MONTH(BC308)=MONTH(BC307),BD307+BB308,BB308) -> 17.302692 | BF308: 1.020241 | BG308: 41215 | BH308: =IF(MONTH(BG308)=MONTH(BG307),BH307+BF308,BF308) -> 1.2123477 | BJ308: 6.6550307 | BK308: 40849 | BL308: =IF(MONTH(BK308)=MONTH(BK307),BL307+BJ308,BJ308) -> 6.6550307 | BN308: 11.221939 | BO308: 40484 | BP308: =IF(MONTH(BO308)=MONTH(BO307),BP307+BN308,BN308) -> 51.329128 | BR308: 0 | BS308: 40119 | BT308: =IF(MONTH(BS308)=MONTH(BS307),BT307+BR308,BR308) -> 7.064527 | BV308: 3.3920655 | BW308: 39754 | BX308: =IF(MONTH(BW308)=MONTH(BW307),BX307+BV308,BV308) -> 19.610362 | BZ308: 7.9632196 | CA308: 39388 | CB308: =IF(MONTH(CA308)=MONTH(CA307),CB307+BZ308,BZ308) -> 9.5617617 | CD308: 0 | CE308: 39023 | CF308: =IF(MONTH(CE308)=MONTH(CE307),CF307+CD308,CD308) -> 1.9783875 | CH308: 8.5120888 | CI308: 38658 | CJ308: =IF(MONTH(CI308)=MONTH(CI307),CJ307+CH308,CH308) -> 13.954967 | CL308: 1.8622725 | CM308: 38293 | CN308: =IF(MONTH(CM308)=MONTH(CM307),CN307+CL308,CL308) -> 4.5454061 | CP308: 4.2720075 | CQ308: 37927 | CR308: =IF(MONTH(CQ308)=MONTH(CQ307),CR307+CP308,CP308) -> 6.340924 | CT308: 1.5712376 | CU308: 37562 | CV308: =IF(MONTH(CU308)=MONTH(CU307),CV307+CT308,CT308) -> 6.7602835 | CX308: 0.14337812 | CY308: 37197 | CZ308: =IF(MONTH(CY308)=MONTH(CY307),CZ307+CX308,CX308) -> 0.25652531 | DB308: 0.12206908 | DC308: 36832 | DD308: =IF(MONTH(DC308)=MONTH(DC307),DD307+DB308,DB308) -> 5.6037967
A309: =MEDIAN(F309,J309,N309,R309,V309,Z309,AD309,AH309,AL309,AP309,AT309,AX309,BB309,BF309,BJ309,BN309,BR309,BV309,BZ309,CD309,CH309,CL309,CP309,CT309,CX309,DB309) -> 1.8331991 | B309: 47060 | C309: =IF(MONTH(B309)=MONTH(B308),A309+C308,A309) -> 8.6650665 | I309: 1094328 | J309: 13.127896 | K309: =I309/24+2 -> 45599 | L309: =IF(MONTH(K309)=MONTH(K308),J309+L308,J309) -> 13.391241 | M309: 1085544 | N309: 0 | O309: =M309/24+2 -> 45233 | P309: =IF(MONTH(O309)=MONTH(O308),N309+P308,N309) -> 11.977993 | Q309: 1076784 | R309: 9.0504293 | S309: =Q309/24+2 -> 44868 | T309: =IF(MONTH(S309)=MONTH(S308),R309+T308,R309) -> 53.240583 | U309: 1068024 | V309: 5.0524998 | W309: =U309/24+2 -> 44503 | X309: =IF(MONTH(W309)=MONTH(W308),V309+X308,V309) -> 28.193681 | Y309: 1059264 | Z309: 0 | AA309: =Y309/24+2 -> 44138 | AB309: =IF(MONTH(AA309)=MONTH(AA308),Z309+AB308,Z309) -> 0.73234504 | AD309: 0.74593526 | AE309: 43772 | AF309: =IF(MONTH(AE309)=MONTH(AE308),AF308+AD309,AD309) -> 7.4545289 | AH309: 0.67558002 | AI309: 43407 | AJ309: =IF(MONTH(AI309)=MONTH(AI308),AJ308+AH309,AH309) -> 8.0463986 | AL309: 8.1782122 | AM309: 43042 | AN309: =IF(MONTH(AM309)=MONTH(AM308),AN308+AL309,AL309) -> 38.745703 | AP309: 44.573326 | AQ309: 42677 | AR309: =IF(MONTH(AQ309)=MONTH(AQ308),AR308+AP309,AP309) -> 44.573326 | AT309: 3.1306722 | AU309: 42311 | AV309: =IF(MONTH(AU309)=MONTH(AU308),AV308+AT309,AT309) -> 17.13981 | AX309: 0 | AY309: 41946 | AZ309: =IF(MONTH(AY309)=MONTH(AY308),AZ308+AX309,AX309) -> 14.726169 | BB309: 0 | BC309: 41581 | BD309: =IF(MONTH(BC309)=MONTH(BC308),BD308+BB309,BB309) -> 17.302692 | BF309: 0.44858789 | BG309: 41216 | BH309: =IF(MONTH(BG309)=MONTH(BG308),BH308+BF309,BF309) -> 1.6609356 | BJ309: 1.3186362 | BK309: 40850 | BL309: =IF(MONTH(BK309)=MONTH(BK308),BL308+BJ309,BJ309) -> 7.9736669 | BN309: 2.0668645 | BO309: 40485 | BP309: =IF(MONTH(BO309)=MONTH(BO308),BP308+BN309,BN309) -> 53.395993 | BR309: 11.032108 | BS309: 40120 | BT309: =IF(MONTH(BS309)=MONTH(BS308),BT308+BR309,BR309) -> 18.096635 | BV309: 28.12533 | BW309: 39755 | BX309: =IF(MONTH(BW309)=MONTH(BW308),BX308+BV309,BV309) -> 47.735692 | BZ309: 48.071434 | CA309: 39389 | CB309: =IF(MONTH(CA309)=MONTH(CA308),CB308+BZ309,BZ309) -> 57.633196 | CD309: 0.05710467 | CE309: 39024 | CF309: =IF(MONTH(CE309)=MONTH(CE308),CF308+CD309,CD309) -> 2.0354921 | CH309: 4.2851338 | CI309: 38659 | CJ309: =IF(MONTH(CI309)=MONTH(CI308),CJ308+CH309,CH309) -> 18.240101 | CL309: 0.9338147 | CM309: 38294 | CN309: =IF(MONTH(CM309)=MONTH(CM308),CN308+CL309,CL309) -> 5.4792208 | CP309: 1.1182044 | CQ309: 37928 | CR309: =IF(MONTH(CQ309)=MONTH(CQ308),CR308+CP309,CP309) -> 7.4591284 | CT309: 3.0660686 | CU309: 37563 | CV309: =IF(MONTH(CU309)=MONTH(CU308),CV308+CT309,CT309) -> 9.8263521 | CX309: 1.8331991 | CY309: 37198 | CZ309: =IF(MONTH(CY309)=MONTH(CY308),CZ308+CX309,CX309) -> 2.0897245 | DB309: 0 | DC309: 36833 | DD309: =IF(MONTH(DC309)=MONTH(DC308),DD308+DB309,DB309) -> 5.6037967
A310: =MEDIAN(F310,J310,N310,R310,V310,Z310,AD310,AH310,AL310,AP310,AT310,AX310,BB310,BF310,BJ310,BN310,BR310,BV310,BZ310,CD310,CH310,CL310,CP310,CT310,CX310,DB310) -> 3.7840371 | B310: 47061 | C310: =IF(MONTH(B310)=MONTH(B309),A310+C309,A310) -> 12.449104 | I310: 1094352 | J310: 0 | K310: =I310/24+2 -> 45600 | L310: =IF(MONTH(K310)=MONTH(K309),J310+L309,J310) -> 13.391241 | M310: 1085568 | N310: 35.935436 | O310: =M310/24+2 -> 45234 | P310: =IF(MONTH(O310)=MONTH(O309),N310+P309,N310) -> 47.913429 | Q310: 1076808 | R310: 0.030565018 | S310: =Q310/24+2 -> 44869 | T310: =IF(MONTH(S310)=MONTH(S309),R310+T309,R310) -> 53.271148 | U310: 1068048 | V310: 11.972002 | W310: =U310/24+2 -> 44504 | X310: =IF(MONTH(W310)=MONTH(W309),V310+X309,V310) -> 40.165683 | Y310: 1059288 | Z310: 0 | AA310: =Y310/24+2 -> 44139 | AB310: =IF(MONTH(AA310)=MONTH(AA309),Z310+AB309,Z310) -> 0.73234504 | AD310: 4.2511578 | AE310: 43773 | AF310: =IF(MONTH(AE310)=MONTH(AE309),AF309+AD310,AD310) -> 11.705687 | AH310: 1.2775 | AI310: 43408 | AJ310: =IF(MONTH(AI310)=MONTH(AI309),AJ309+AH310,AH310) -> 9.3238987 | AL310: 0.321298 | AM310: 43043 | AN310: =IF(MONTH(AM310)=MONTH(AM309),AN309+AL310,AL310) -> 39.067001 | AP310: 44.814533 | AQ310: 42678 | AR310: =IF(MONTH(AQ310)=MONTH(AQ309),AR309+AP310,AP310) -> 89.387859 | AT310: 6.20225 | AU310: 42312 | AV310: =IF(MONTH(AU310)=MONTH(AU309),AV309+AT310,AT310) -> 23.34206 | AX310: 6.3828478 | AY310: 41947 | AZ310: =IF(MONTH(AY310)=MONTH(AY309),AZ309+AX310,AX310) -> 21.109017 | BB310: 4.4442115 | BC310: 41582 | BD310: =IF(MONTH(BC310)=MONTH(BC309),BD309+BB310,BB310) -> 21.746904 | BF310: 4.3492484 | BG310: 41217 | BH310: =IF(MONTH(BG310)=MONTH(BG309),BH309+BF310,BF310) -> 6.010184 | BJ310: 0.91698992 | BK310: 40851 | BL310: =IF(MONTH(BK310)=MONTH(BK309),BL309+BJ310,BJ310) -> 8.8906568 | BN310: 0.69767743 | BO310: 40486 | BP310: =IF(MONTH(BO310)=MONTH(BO309),BP309+BN310,BN310) -> 54.09367 | BR310: 3.7840371 | BS310: 40121 | BT310: =IF(MONTH(BS310)=MONTH(BS309),BT309+BR310,BR310) -> 21.880672 | BV310: 18.343796 | BW310: 39756 | BX310: =IF(MONTH(BW310)=MONTH(BW309),BX309+BV310,BV310) -> 66.079487 | BZ310: 0.61621964 | CA310: 39390 | CB310: =IF(MONTH(CA310)=MONTH(CA309),CB309+BZ310,BZ310) -> 58.249415 | CD310: 0.028597038 | CE310: 39025 | CF310: =IF(MONTH(CE310)=MONTH(CE309),CF309+CD310,CD310) -> 2.0640892 | CH310: 5.0002127 | CI310: 38660 | CJ310: =IF(MONTH(CI310)=MONTH(CI309),CJ309+CH310,CH310) -> 23.240314 | CL310: 9.9344797 | CM310: 38295 | CN310: =IF(MONTH(CM310)=MONTH(CM309),CN309+CL310,CL310) -> 15.413701 | CP310: 2.3828416 | CQ310: 37929 | CR310: =IF(MONTH(CQ310)=MONTH(CQ309),CR309+CP310,CP310) -> 9.84197 | CT310: 12.987604 | CU310: 37564 | CV310: =IF(MONTH(CU310)=MONTH(CU309),CV309+CT310,CT310) -> 22.813956 | CX310: 3.7514141 | CY310: 37199 | CZ310: =IF(MONTH(CY310)=MONTH(CY309),CZ309+CX310,CX310) -> 5.8411385 | DB310: 0 | DC310: 36834 | DD310: =IF(MONTH(DC310)=MONTH(DC309),DD309+DB310,DB310) -> 5.6037967
A311: =MEDIAN(F311,J311,N311,R311,V311,Z311,AD311,AH311,AL311,AP311,AT311,AX311,BB311,BF311,BJ311,BN311,BR311,BV311,BZ311,CD311,CH311,CL311,CP311,CT311,CX311,DB311) -> 2.8685441 | B311: 47062 | C311: =IF(MONTH(B311)=MONTH(B310),A311+C310,A311) -> 15.317648 | I311: 1094376 | J311: 0 | K311: =I311/24+2 -> 45601 | L311: =IF(MONTH(K311)=MONTH(K310),J311+L310,J311) -> 13.391241 | M311: 1085592 | N311: 23.516642 | O311: =M311/24+2 -> 45235 | P311: =IF(MONTH(O311)=MONTH(O310),N311+P310,N311) -> 71.430071 | Q311: 1076832 | R311: 0.036882281 | S311: =Q311/24+2 -> 44870 | T311: =IF(MONTH(S311)=MONTH(S310),R311+T310,R311) -> 53.308031 | U311: 1068072 | V311: 14.517934 | W311: =U311/24+2 -> 44505 | X311: =IF(MONTH(W311)=MONTH(W310),V311+X310,V311) -> 54.683617 | Y311: 1059312 | Z311: 0 | AA311: =Y311/24+2 -> 44140 | AB311: =IF(MONTH(AA311)=MONTH(AA310),Z311+AB310,Z311) -> 0.73234504 | AD311: 9.3071661 | AE311: 43774 | AF311: =IF(MONTH(AE311)=MONTH(AE310),AF310+AD311,AD311) -> 21.012853 | AH311: 3.0743597 | AI311: 43409 | AJ311: =IF(MONTH(AI311)=MONTH(AI310),AJ310+AH311,AH311) -> 12.398258 | AL311: 65.372887 | AM311: 43044 | AN311: =IF(MONTH(AM311)=MONTH(AM310),AN310+AL311,AL311) -> 104.43989 | AP311: 33.446487 | AQ311: 42679 | AR311: =IF(MONTH(AQ311)=MONTH(AQ310),AR310+AP311,AP311) -> 122.83435 | AT311: 3.8247037 | AU311: 42313 | AV311: =IF(MONTH(AU311)=MONTH(AU310),AV310+AT311,AT311) -> 27.166764 | AX311: 6.6524978 | AY311: 41948 | AZ311: =IF(MONTH(AY311)=MONTH(AY310),AZ310+AX311,AX311) -> 27.761515 | BB311: 0.49790582 | BC311: 41583 | BD311: =IF(MONTH(BC311)=MONTH(BC310),BD310+BB311,BB311) -> 22.24481 | BF311: 1.3127739 | BG311: 41218 | BH311: =IF(MONTH(BG311)=MONTH(BG310),BH310+BF311,BF311) -> 7.322958 | BJ311: 0 | BK311: 40852 | BL311: =IF(MONTH(BK311)=MONTH(BK310),BL310+BJ311,BJ311) -> 8.8906568 | BN311: 0.72026247 | BO311: 40487 | BP311: =IF(MONTH(BO311)=MONTH(BO310),BP310+BN311,BN311) -> 54.813933 | BR311: 3.9669356 | BS311: 40122 | BT311: =IF(MONTH(BS311)=MONTH(BS310),BT310+BR311,BR311) -> 25.847608 | BV311: 13.055496 | BW311: 39757 | BX311: =IF(MONTH(BW311)=MONTH(BW310),BX310+BV311,BV311) -> 79.134984 | BZ311: 5.2172084 | CA311: 39391 | CB311: =IF(MONTH(CA311)=MONTH(CA310),CB310+BZ311,BZ311) -> 63.466624 | CD311: 0 | CE311: 39026 | CF311: =IF(MONTH(CE311)=MONTH(CE310),CF310+CD311,CD311) -> 2.0640892 | CH311: 0.23606558 | CI311: 38661 | CJ311: =IF(MONTH(CI311)=MONTH(CI310),CJ310+CH311,CH311) -> 23.476379 | CL311: 1.9980046 | CM311: 38296 | CN311: =IF(MONTH(CM311)=MONTH(CM310),CN310+CL311,CL311) -> 17.411705 | CP311: 0.42735401 | CQ311: 37930 | CR311: =IF(MONTH(CQ311)=MONTH(CQ310),CR310+CP311,CP311) -> 10.269324 | CT311: 12.035374 | CU311: 37565 | CV311: =IF(MONTH(CU311)=MONTH(CU310),CV310+CT311,CT311) -> 34.84933 | CX311: 2.8685441 | CY311: 37200 | CZ311: =IF(MONTH(CY311)=MONTH(CY310),CZ310+CX311,CX311) -> 8.7096826 | DB311: 0 | DC311: 36835 | DD311: =IF(MONTH(DC311)=MONTH(DC310),DD310+DB311,DB311) -> 5.6037967
A312: =MEDIAN(F312,J312,N312,R312,V312,Z312,AD312,AH312,AL312,AP312,AT312,AX312,BB312,BF312,BJ312,BN312,BR312,BV312,BZ312,CD312,CH312,CL312,CP312,CT312,CX312,DB312) -> 4.0828133 | B312: 47063 | C312: =IF(MONTH(B312)=MONTH(B311),A312+C311,A312) -> 19.400461 | I312: 1094400 | J312: 1.046111 | K312: =I312/24+2 -> 45602 | L312: =IF(MONTH(K312)=MONTH(K311),J312+L311,J312) -> 14.437352 | M312: 1085616 | N312: 3.3677819 | O312: =M312/24+2 -> 45236 | P312: =IF(MONTH(O312)=MONTH(O311),N312+P311,N312) -> 74.797853 | Q312: 1076856 | R312: 2.3191214 | S312: =Q312/24+2 -> 44871 | T312: =IF(MONTH(S312)=MONTH(S311),R312+T311,R312) -> 55.627152 | U312: 1068096 | V312: 9.4221334 | W312: =U312/24+2 -> 44506 | X312: =IF(MONTH(W312)=MONTH(W311),V312+X311,V312) -> 64.105751 | Y312: 1059336 | Z312: 0 | AA312: =Y312/24+2 -> 44141 | AB312: =IF(MONTH(AA312)=MONTH(AA311),Z312+AB311,Z312) -> 0.73234504 | AD312: 16.138233 | AE312: 43775 | AF312: =IF(MONTH(AE312)=MONTH(AE311),AF311+AD312,AD312) -> 37.151086 | AH312: 24.33865 | AI312: 43410 | AJ312: =IF(MONTH(AI312)=MONTH(AI311),AJ311+AH312,AH312) -> 36.736908 | AL312: 4.4186702 | AM312: 43045 | AN312: =IF(MONTH(AM312)=MONTH(AM311),AN311+AL312,AL312) -> 108.85856 | AP312: 1.2566226 | AQ312: 42680 | AR312: =IF(MONTH(AQ312)=MONTH(AQ311),AR311+AP312,AP312) -> 124.09097 | AT312: 17.010315 | AU312: 42314 | AV312: =IF(MONTH(AU312)=MONTH(AU311),AV311+AT312,AT312) -> 44.177079 | AX312: 15.339231 | AY312: 41949 | AZ312: =IF(MONTH(AY312)=MONTH(AY311),AZ311+AX312,AX312) -> 43.100746 | BB312: 5.0893455 | BC312: 41584 | BD312: =IF(MONTH(BC312)=MONTH(BC311),BD311+BB312,BB312) -> 27.334155 | BF312: 11.425675 | BG312: 41219 | BH312: =IF(MONTH(BG312)=MONTH(BG311),BH311+BF312,BF312) -> 18.748633 | BJ312: 0.61556929 | BK312: 40853 | BL312: =IF(MONTH(BK312)=MONTH(BK311),BL311+BJ312,BJ312) -> 9.5062261 | BN312: 0.54959691 | BO312: 40488 | BP312: =IF(MONTH(BO312)=MONTH(BO311),BP311+BN312,BN312) -> 55.36353 | BR312: 0.19609383 | BS312: 40123 | BT312: =IF(MONTH(BS312)=MONTH(BS311),BT311+BR312,BR312) -> 26.043702 | BV312: 0 | BW312: 39758 | BX312: =IF(MONTH(BW312)=MONTH(BW311),BX311+BV312,BV312) -> 79.134984 | BZ312: 4.4541044 | CA312: 39392 | CB312: =IF(MONTH(CA312)=MONTH(CA311),CB311+BZ312,BZ312) -> 67.920728 | CD312: 4.0828133 | CE312: 39027 | CF312: =IF(MONTH(CE312)=MONTH(CE311),CF311+CD312,CD312) -> 6.1469024 | CH312: 0.13326398 | CI312: 38662 | CJ312: =IF(MONTH(CI312)=MONTH(CI311),CJ311+CH312,CH312) -> 23.609643 | CL312: 5.4104514 | CM312: 38297 | CN312: =IF(MONTH(CM312)=MONTH(CM311),CN311+CL312,CL312) -> 22.822156 | CP312: 2.0122628 | CQ312: 37931 | CR312: =IF(MONTH(CQ312)=MONTH(CQ311),CR311+CP312,CP312) -> 12.281587 | CT312: 13.530337 | CU312: 37566 | CV312: =IF(MONTH(CU312)=MONTH(CU311),CV311+CT312,CT312) -> 48.379667 | CX312: 9.5223732 | CY312: 37201 | CZ312: =IF(MONTH(CY312)=MONTH(CY311),CZ311+CX312,CX312) -> 18.232056 | DB312: 0 | DC312: 36836 | DD312: =IF(MONTH(DC312)=MONTH(DC311),DD311+DB312,DB312) -> 5.6037967
A313: =MEDIAN(F313,J313,N313,R313,V313,Z313,AD313,AH313,AL313,AP313,AT313,AX313,BB313,BF313,BJ313,BN313,BR313,BV313,BZ313,CD313,CH313,CL313,CP313,CT313,CX313,DB313) -> 2.5589707 | B313: 47064 | C313: =IF(MONTH(B313)=MONTH(B312),A313+C312,A313) -> 21.959432 | I313: 1094424 | J313: 3.4098008 | K313: =I313/24+2 -> 45603 | L313: =IF(MONTH(K313)=MONTH(K312),J313+L312,J313) -> 17.847153 | M313: 1085640 | N313: 0.3045935 | O313: =M313/24+2 -> 45237 | P313: =IF(MONTH(O313)=MONTH(O312),N313+P312,N313) -> 75.102446 | Q313: 1076880 | R313: 0 | S313: =Q313/24+2 -> 44872 | T313: =IF(MONTH(S313)=MONTH(S312),R313+T312,R313) -> 55.627152 | U313: 1068120 | V313: 0 | W313: =U313/24+2 -> 44507 | X313: =IF(MONTH(W313)=MONTH(W312),V313+X312,V313) -> 64.105751 | Y313: 1059360 | Z313: 1.1716914 | AA313: =Y313/24+2 -> 44142 | AB313: =IF(MONTH(AA313)=MONTH(AA312),Z313+AB312,Z313) -> 1.9040365 | AD313: 17.166695 | AE313: 43776 | AF313: =IF(MONTH(AE313)=MONTH(AE312),AF312+AD313,AD313) -> 54.317781 | AH313: 33.637295 | AI313: 43411 | AJ313: =IF(MONTH(AI313)=MONTH(AI312),AJ312+AH313,AH313) -> 70.374203 | AL313: 6.3807979 | AM313: 43046 | AN313: =IF(MONTH(AM313)=MONTH(AM312),AN312+AL313,AL313) -> 115.23936 | AP313: 0 | AQ313: 42681 | AR313: =IF(MONTH(AQ313)=MONTH(AQ312),AR312+AP313,AP313) -> 124.09097 | AT313: 93.787582 | AU313: 42315 | AV313: =IF(MONTH(AU313)=MONTH(AU312),AV312+AT313,AT313) -> 137.96466 | AX313: 4.5975103 | AY313: 41950 | AZ313: =IF(MONTH(AY313)=MONTH(AY312),AZ312+AX313,AX313) -> 47.698256 | BB313: 32.916737 | BC313: 41585 | BD313: =IF(MONTH(BC313)=MONTH(BC312),BD312+BB313,BB313) -> 60.250892 | BF313: 7.8472624 | BG313: 41220 | BH313: =IF(MONTH(BG313)=MONTH(BG312),BH312+BF313,BF313) -> 26.595896 | BJ313: 34.787197 | BK313: 40854 | BL313: =IF(MONTH(BK313)=MONTH(BK312),BL312+BJ313,BJ313) -> 44.293423 | BN313: 0.12647514 | BO313: 40489 | BP313: =IF(MONTH(BO313)=MONTH(BO312),BP312+BN313,BN313) -> 55.490005 | BR313: 0 | BS313: 40124 | BT313: =IF(MONTH(BS313)=MONTH(BS312),BT312+BR313,BR313) -> 26.043702 | BV313: 0 | BW313: 39759 | BX313: =IF(MONTH(BW313)=MONTH(BW312),BX312+BV313,BV313) -> 79.134984 | BZ313: 14.378741 | CA313: 39393 | CB313: =IF(MONTH(CA313)=MONTH(CA312),CB312+BZ313,BZ313) -> 82.299469 | CD313: 0 | CE313: 39028 | CF313: =IF(MONTH(CE313)=MONTH(CE312),CF312+CD313,CD313) -> 6.1469024 | CH313: 11.241849 | CI313: 38663 | CJ313: =IF(MONTH(CI313)=MONTH(CI312),CJ312+CH313,CH313) -> 34.851492 | CL313: 5.0183249 | CM313: 38298 | CN313: =IF(MONTH(CM313)=MONTH(CM312),CN312+CL313,CL313) -> 27.840481 | CP313: 2.1388383 | CQ313: 37932 | CR313: =IF(MONTH(CQ313)=MONTH(CQ312),CR312+CP313,CP313) -> 14.420425 | CT313: 2.5589707 | CU313: 37567 | CV313: =IF(MONTH(CU313)=MONTH(CU312),CV312+CT313,CT313) -> 50.938638 | CX313: 0.86964905 | CY313: 37202 | CZ313: =IF(MONTH(CY313)=MONTH(CY312),CZ312+CX313,CX313) -> 19.101705 | DB313: 0.098194338 | DC313: 36837 | DD313: =IF(MONTH(DC313)=MONTH(DC312),DD312+DB313,DB313) -> 5.701991
A314: =MEDIAN(F314,J314,N314,R314,V314,Z314,AD314,AH314,AL314,AP314,AT314,AX314,BB314,BF314,BJ314,BN314,BR314,BV314,BZ314,CD314,CH314,CL314,CP314,CT314,CX314,DB314) -> 0.90821391 | B314: 47065 | C314: =IF(MONTH(B314)=MONTH(B313),A314+C313,A314) -> 22.867646 | I314: 1094448 | J314: 0 | K314: =I314/24+2 -> 45604 | L314: =IF(MONTH(K314)=MONTH(K313),J314+L313,J314) -> 17.847153 | M314: 1085664 | N314: 0.50730056 | O314: =M314/24+2 -> 45238 | P314: =IF(MONTH(O314)=MONTH(O313),N314+P313,N314) -> 75.609747 | Q314: 1076904 | R314: 1.2989957 | S314: =Q314/24+2 -> 44873 | T314: =IF(MONTH(S314)=MONTH(S313),R314+T313,R314) -> 56.926148 | U314: 1068144 | V314: 0.19346242 | W314: =U314/24+2 -> 44508 | X314: =IF(MONTH(W314)=MONTH(W313),V314+X313,V314) -> 64.299213 | Y314: 1059384 | Z314: 0 | AA314: =Y314/24+2 -> 44143 | AB314: =IF(MONTH(AA314)=MONTH(AA313),Z314+AB313,Z314) -> 1.9040365 | AD314: 0.65511853 | AE314: 43777 | AF314: =IF(MONTH(AE314)=MONTH(AE313),AF313+AD314,AD314) -> 54.972899 | AH314: 3.3153303 | AI314: 43412 | AJ314: =IF(MONTH(AI314)=MONTH(AI313),AJ313+AH314,AH314) -> 73.689533 | AL314: 1.2137309 | AM314: 43047 | AN314: =IF(MONTH(AM314)=MONTH(AM313),AN313+AL314,AL314) -> 116.45309 | AP314: 0 | AQ314: 42682 | AR314: =IF(MONTH(AQ314)=MONTH(AQ313),AR313+AP314,AP314) -> 124.09097 | AT314: 90.624535 | AU314: 42316 | AV314: =IF(MONTH(AU314)=MONTH(AU313),AV313+AT314,AT314) -> 228.5892 | AX314: 0 | AY314: 41951 | AZ314: =IF(MONTH(AY314)=MONTH(AY313),AZ313+AX314,AX314) -> 47.698256 | BB314: 1.4892372 | BC314: 41586 | BD314: =IF(MONTH(BC314)=MONTH(BC313),BD313+BB314,BB314) -> 61.740129 | BF314: 1.7776874 | BG314: 41221 | BH314: =IF(MONTH(BG314)=MONTH(BG313),BH313+BF314,BF314) -> 28.373583 | BJ314: 9.1467295 | BK314: 40855 | BL314: =IF(MONTH(BK314)=MONTH(BK313),BL313+BJ314,BJ314) -> 53.440153 | BN314: 0 | BO314: 40490 | BP314: =IF(MONTH(BO314)=MONTH(BO313),BP313+BN314,BN314) -> 55.490005 | BR314: 75.213623 | BS314: 40125 | BT314: =IF(MONTH(BS314)=MONTH(BS313),BT313+BR314,BR314) -> 101.25732 | BV314: 0 | BW314: 39760 | BX314: =IF(MONTH(BW314)=MONTH(BW313),BX313+BV314,BV314) -> 79.134984 | BZ314: 0.088970475 | CA314: 39394 | CB314: =IF(MONTH(CA314)=MONTH(CA313),CB313+BZ314,BZ314) -> 82.38844 | CD314: 4.2272043 | CE314: 39029 | CF314: =IF(MONTH(CE314)=MONTH(CE313),CF313+CD314,CD314) -> 10.374107 | CH314: 0.90821391 | CI314: 38664 | CJ314: =IF(MONTH(CI314)=MONTH(CI313),CJ313+CH314,CH314) -> 35.759706 | CL314: 6.8207865 | CM314: 38299 | CN314: =IF(MONTH(CM314)=MONTH(CM313),CN313+CL314,CL314) -> 34.661268 | CP314: 5.0197248 | CQ314: 37933 | CR314: =IF(MONTH(CQ314)=MONTH(CQ313),CR313+CP314,CP314) -> 19.44015 | CT314: 1.2734437 | CU314: 37568 | CV314: =IF(MONTH(CU314)=MONTH(CU313),CV313+CT314,CT314) -> 52.212082 | CX314: 0 | CY314: 37203 | CZ314: =IF(MONTH(CY314)=MONTH(CY313),CZ313+CX314,CX314) -> 19.101705 | DB314: 0 | DC314: 36838 | DD314: =IF(MONTH(DC314)=MONTH(DC313),DD313+DB314,DB314) -> 5.701991
A315: =MEDIAN(F315,J315,N315,R315,V315,Z315,AD315,AH315,AL315,AP315,AT315,AX315,BB315,BF315,BJ315,BN315,BR315,BV315,BZ315,CD315,CH315,CL315,CP315,CT315,CX315,DB315) -> 1.6266921 | B315: 47066 | C315: =IF(MONTH(B315)=MONTH(B314),A315+C314,A315) -> 24.494338 | I315: 1094472 | J315: 0 | K315: =I315/24+2 -> 45605 | L315: =IF(MONTH(K315)=MONTH(K314),J315+L314,J315) -> 17.847153 | M315: 1085688 | N315: 8.9495449 | O315: =M315/24+2 -> 45239 | P315: =IF(MONTH(O315)=MONTH(O314),N315+P314,N315) -> 84.559292 | Q315: 1076928 | R315: 2.5351763 | S315: =Q315/24+2 -> 44874 | T315: =IF(MONTH(S315)=MONTH(S314),R315+T314,R315) -> 59.461324 | U315: 1068168 | V315: 57.365955 | W315: =U315/24+2 -> 44509 | X315: =IF(MONTH(W315)=MONTH(W314),V315+X314,V315) -> 121.66517 | Y315: 1059408 | Z315: 2.1935403 | AA315: =Y315/24+2 -> 44144 | AB315: =IF(MONTH(AA315)=MONTH(AA314),Z315+AB314,Z315) -> 4.0975768 | AD315: 0.096584313 | AE315: 43778 | AF315: =IF(MONTH(AE315)=MONTH(AE314),AF314+AD315,AD315) -> 55.069483 | AH315: 11.989058 | AI315: 43413 | AJ315: =IF(MONTH(AI315)=MONTH(AI314),AJ314+AH315,AH315) -> 85.678592 | AL315: 1.6266921 | AM315: 43048 | AN315: =IF(MONTH(AM315)=MONTH(AM314),AN314+AL315,AL315) -> 118.07978 | AP315: 0.58025092 | AQ315: 42683 | AR315: =IF(MONTH(AQ315)=MONTH(AQ314),AR314+AP315,AP315) -> 124.67122 | AT315: 1.3136164 | AU315: 42317 | AV315: =IF(MONTH(AU315)=MONTH(AU314),AV314+AT315,AT315) -> 229.90281 | AX315: 0.25367811 | AY315: 41952 | AZ315: =IF(MONTH(AY315)=MONTH(AY314),AZ314+AX315,AX315) -> 47.951935 | BB315: 0.65535003 | BC315: 41587 | BD315: =IF(MONTH(BC315)=MONTH(BC314),BD314+BB315,BB315) -> 62.395479 | BF315: 0.5943197 | BG315: 41222 | BH315: =IF(MONTH(BG315)=MONTH(BG314),BH314+BF315,BF315) -> 28.967903 | BJ315: 7.8325477 | BK315: 40856 | BL315: =IF(MONTH(BK315)=MONTH(BK314),BL314+BJ315,BJ315) -> 61.2727 | BN315: 11.024271 | BO315: 40491 | BP315: =IF(MONTH(BO315)=MONTH(BO314),BP314+BN315,BN315) -> 66.514276 | BR315: 6.061327 | BS315: 40126 | BT315: =IF(MONTH(BS315)=MONTH(BS314),BT314+BR315,BR315) -> 107.31865 | BV315: 0 | BW315: 39761 | BX315: =IF(MONTH(BW315)=MONTH(BW314),BX314+BV315,BV315) -> 79.134984 | BZ315: 6.7634926 | CA315: 39395 | CB315: =IF(MONTH(CA315)=MONTH(CA314),CB314+BZ315,BZ315) -> 89.151933 | CD315: 3.6332519 | CE315: 39030 | CF315: =IF(MONTH(CE315)=MONTH(CE314),CF314+CD315,CD315) -> 14.007359 | CH315: 0.58332503 | CI315: 38665 | CJ315: =IF(MONTH(CI315)=MONTH(CI314),CJ314+CH315,CH315) -> 36.343031 | CL315: 6.877646 | CM315: 38300 | CN315: =IF(MONTH(CM315)=MONTH(CM314),CN314+CL315,CL315) -> 41.538914 | CP315: 0.1275098 | CQ315: 37934 | CR315: =IF(MONTH(CQ315)=MONTH(CQ314),CR314+CP315,CP315) -> 19.56766 | CT315: 15.439924 | CU315: 37569 | CV315: =IF(MONTH(CU315)=MONTH(CU314),CV314+CT315,CT315) -> 67.652006 | CX315: 0 | CY315: 37204 | CZ315: =IF(MONTH(CY315)=MONTH(CY314),CZ314+CX315,CX315) -> 19.101705 | DB315: 0 | DC315: 36839 | DD315: =IF(MONTH(DC315)=MONTH(DC314),DD314+DB315,DB315) -> 5.701991
A316: =MEDIAN(F316,J316,N316,R316,V316,Z316,AD316,AH316,AL316,AP316,AT316,AX316,BB316,BF316,BJ316,BN316,BR316,BV316,BZ316,CD316,CH316,CL316,CP316,CT316,CX316,DB316) -> 2.0337744 | B316: 47067 | C316: =IF(MONTH(B316)=MONTH(B315),A316+C315,A316) -> 26.528112 | I316: 1094496 | J316: 0 | K316: =I316/24+2 -> 45606 | L316: =IF(MONTH(K316)=MONTH(K315),J316+L315,J316) -> 17.847153 | M316: 1085712 | N316: 7.2900238 | O316: =M316/24+2 -> 45240 | P316: =IF(MONTH(O316)=MONTH(O315),N316+P315,N316) -> 91.849316 | Q316: 1076952 | R316: 1.0782484 | S316: =Q316/24+2 -> 44875 | T316: =IF(MONTH(S316)=MONTH(S315),R316+T315,R316) -> 60.539572 | U316: 1068192 | V316: 2.0320518 | W316: =U316/24+2 -> 44510 | X316: =IF(MONTH(W316)=MONTH(W315),V316+X315,V316) -> 123.69722 | Y316: 1059432 | Z316: 0 | AA316: =Y316/24+2 -> 44145 | AB316: =IF(MONTH(AA316)=MONTH(AA315),Z316+AB315,Z316) -> 4.0975768 | AD316: 2.0337744 | AE316: 43779 | AF316: =IF(MONTH(AE316)=MONTH(AE315),AF315+AD316,AD316) -> 57.103258 | AH316: 0.67420554 | AI316: 43414 | AJ316: =IF(MONTH(AI316)=MONTH(AI315),AJ315+AH316,AH316) -> 86.352797 | AL316: 0.31739396 | AM316: 43049 | AN316: =IF(MONTH(AM316)=MONTH(AM315),AN315+AL316,AL316) -> 118.39717 | AP316: 2.74457 | AQ316: 42684 | AR316: =IF(MONTH(AQ316)=MONTH(AQ315),AR315+AP316,AP316) -> 127.41579 | AT316: 7.1884031 | AU316: 42318 | AV316: =IF(MONTH(AU316)=MONTH(AU315),AV315+AT316,AT316) -> 237.09122 | AX316: 4.8560147 | AY316: 41953 | AZ316: =IF(MONTH(AY316)=MONTH(AY315),AZ315+AX316,AX316) -> 52.807949 | BB316: 0 | BC316: 41588 | BD316: =IF(MONTH(BC316)=MONTH(BC315),BD315+BB316,BB316) -> 62.395479 | BF316: 0.30675298 | BG316: 41223 | BH316: =IF(MONTH(BG316)=MONTH(BG315),BH315+BF316,BF316) -> 29.274656 | BJ316: 5.0714579 | BK316: 40857 | BL316: =IF(MONTH(BK316)=MONTH(BK315),BL315+BJ316,BJ316) -> 66.344158 | BN316: 12.992172 | BO316: 40492 | BP316: =IF(MONTH(BO316)=MONTH(BO315),BP315+BN316,BN316) -> 79.506448 | BR316: 0.2624976 | BS316: 40127 | BT316: =IF(MONTH(BS316)=MONTH(BS315),BT315+BR316,BR316) -> 107.58115 | BV316: 1.5950954 | BW316: 39762 | BX316: =IF(MONTH(BW316)=MONTH(BW315),BX315+BV316,BV316) -> 80.730079 | BZ316: 13.270429 | CA316: 39396 | CB316: =IF(MONTH(CA316)=MONTH(CA315),CB315+BZ316,BZ316) -> 102.42236 | CD316: 0.037373178 | CE316: 39031 | CF316: =IF(MONTH(CE316)=MONTH(CE315),CF315+CD316,CD316) -> 14.044732 | CH316: 3.7287183 | CI316: 38666 | CJ316: =IF(MONTH(CI316)=MONTH(CI315),CJ315+CH316,CH316) -> 40.071749 | CL316: 3.7036254 | CM316: 38301 | CN316: =IF(MONTH(CM316)=MONTH(CM315),CN315+CL316,CL316) -> 45.242539 | CP316: 5.4818702 | CQ316: 37935 | CR316: =IF(MONTH(CQ316)=MONTH(CQ315),CR315+CP316,CP316) -> 25.04953 | CT316: 3.2929096 | CU316: 37570 | CV316: =IF(MONTH(CU316)=MONTH(CU315),CV315+CT316,CT316) -> 70.944916 | CX316: 2.4281147 | CY316: 37205 | CZ316: =IF(MONTH(CY316)=MONTH(CY315),CZ315+CX316,CX316) -> 21.52982 | DB316: 0 | DC316: 36840 | DD316: =IF(MONTH(DC316)=MONTH(DC315),DD315+DB316,DB316) -> 5.701991
A317: =MEDIAN(F317,J317,N317,R317,V317,Z317,AD317,AH317,AL317,AP317,AT317,AX317,BB317,BF317,BJ317,BN317,BR317,BV317,BZ317,CD317,CH317,CL317,CP317,CT317,CX317,DB317) -> 1.5569599 | B317: 47068 | C317: =IF(MONTH(B317)=MONTH(B316),A317+C316,A317) -> 28.085072 | I317: 1094520 | J317: 0 | K317: =I317/24+2 -> 45607 | L317: =IF(MONTH(K317)=MONTH(K316),J317+L316,J317) -> 17.847153 | M317: 1085736 | N317: 0 | O317: =M317/24+2 -> 45241 | P317: =IF(MONTH(O317)=MONTH(O316),N317+P316,N317) -> 91.849316 | Q317: 1076976 | R317: 1.7346338 | S317: =Q317/24+2 -> 44876 | T317: =IF(MONTH(S317)=MONTH(S316),R317+T316,R317) -> 62.274206 | U317: 1068216 | V317: 9.289259 | W317: =U317/24+2 -> 44511 | X317: =IF(MONTH(W317)=MONTH(W316),V317+X316,V317) -> 132.98648 | Y317: 1059456 | Z317: 0 | AA317: =Y317/24+2 -> 44146 | AB317: =IF(MONTH(AA317)=MONTH(AA316),Z317+AB316,Z317) -> 4.0975768 | AD317: 9.0280561 | AE317: 43780 | AF317: =IF(MONTH(AE317)=MONTH(AE316),AF316+AD317,AD317) -> 66.131314 | AH317: 0.66914463 | AI317: 43415 | AJ317: =IF(MONTH(AI317)=MONTH(AI316),AJ316+AH317,AH317) -> 87.021942 | AL317: 28.448002 | AM317: 43050 | AN317: =IF(MONTH(AM317)=MONTH(AM316),AN316+AL317,AL317) -> 146.84517 | AP317: 3.8549099 | AQ317: 42685 | AR317: =IF(MONTH(AQ317)=MONTH(AQ316),AR316+AP317,AP317) -> 131.2707 | AT317: 1.6133753 | AU317: 42319 | AV317: =IF(MONTH(AU317)=MONTH(AU316),AV316+AT317,AT317) -> 238.70459 | AX317: 18.202885 | AY317: 41954 | AZ317: =IF(MONTH(AY317)=MONTH(AY316),AZ316+AX317,AX317) -> 71.010834 | BB317: 1.2036431 | BC317: 41589 | BD317: =IF(MONTH(BC317)=MONTH(BC316),BD316+BB317,BB317) -> 63.599122 | BF317: 0.23297039 | BG317: 41224 | BH317: =IF(MONTH(BG317)=MONTH(BG316),BH316+BF317,BF317) -> 29.507626 | BJ317: 0.88821745 | BK317: 40858 | BL317: =IF(MONTH(BK317)=MONTH(BK316),BL316+BJ317,BJ317) -> 67.232376 | BN317: 9.8638315 | BO317: 40493 | BP317: =IF(MONTH(BO317)=MONTH(BO316),BP316+BN317,BN317) -> 89.370279 | BR317: 4.3896294 | BS317: 40128 | BT317: =IF(MONTH(BS317)=MONTH(BS316),BT316+BR317,BR317) -> 111.97078 | BV317: 0 | BW317: 39763 | BX317: =IF(MONTH(BW317)=MONTH(BW316),BX316+BV317,BV317) -> 80.730079 | BZ317: 1.5569599 | CA317: 39397 | CB317: =IF(MONTH(CA317)=MONTH(CA316),CB316+BZ317,BZ317) -> 103.97932 | CD317: 0 | CE317: 39032 | CF317: =IF(MONTH(CE317)=MONTH(CE316),CF316+CD317,CD317) -> 14.044732 | CH317: 11.098162 | CI317: 38667 | CJ317: =IF(MONTH(CI317)=MONTH(CI316),CJ316+CH317,CH317) -> 51.169911 | CL317: 0.70626158 | CM317: 38302 | CN317: =IF(MONTH(CM317)=MONTH(CM316),CN316+CL317,CL317) -> 45.948801 | CP317: 16.712992 | CQ317: 37936 | CR317: =IF(MONTH(CQ317)=MONTH(CQ316),CR316+CP317,CP317) -> 41.762522 | CT317: 5.2906427 | CU317: 37571 | CV317: =IF(MONTH(CU317)=MONTH(CU316),CV316+CT317,CT317) -> 76.235558 | CX317: 0.15671133 | CY317: 37206 | CZ317: =IF(MONTH(CY317)=MONTH(CY316),CZ316+CX317,CX317) -> 21.686531 | DB317: 0.24481413 | DC317: 36841 | DD317: =IF(MONTH(DC317)=MONTH(DC316),DD316+DB317,DB317) -> 5.9468051
A318: =MEDIAN(F318,J318,N318,R318,V318,Z318,AD318,AH318,AL318,AP318,AT318,AX318,BB318,BF318,BJ318,BN318,BR318,BV318,BZ318,CD318,CH318,CL318,CP318,CT318,CX318,DB318) -> 1.6129236 | B318: 47069 | C318: =IF(MONTH(B318)=MONTH(B317),A318+C317,A318) -> 29.697995 | I318: 1094544 | J318: 0 | K318: =I318/24+2 -> 45608 | L318: =IF(MONTH(K318)=MONTH(K317),J318+L317,J318) -> 17.847153 | M318: 1085760 | N318: 1.1490215 | O318: =M318/24+2 -> 45242 | P318: =IF(MONTH(O318)=MONTH(O317),N318+P317,N318) -> 92.998337 | Q318: 1077000 | R318: 0 | S318: =Q318/24+2 -> 44877 | T318: =IF(MONTH(S318)=MONTH(S317),R318+T317,R318) -> 62.274206 | U318: 1068240 | V318: 2.6515319 | W318: =U318/24+2 -> 44512 | X318: =IF(MONTH(W318)=MONTH(W317),V318+X317,V318) -> 135.63801 | Y318: 1059480 | Z318: 0 | AA318: =Y318/24+2 -> 44147 | AB318: =IF(MONTH(AA318)=MONTH(AA317),Z318+AB317,Z318) -> 4.0975768 | AD318: 8.4853449 | AE318: 43781 | AF318: =IF(MONTH(AE318)=MONTH(AE317),AF317+AD318,AD318) -> 74.616659 | AH318: 0.97511971 | AI318: 43416 | AJ318: =IF(MONTH(AI318)=MONTH(AI317),AJ317+AH318,AH318) -> 87.997061 | AL318: 4.366302 | AM318: 43051 | AN318: =IF(MONTH(AM318)=MONTH(AM317),AN317+AL318,AL318) -> 151.21148 | AP318: 0.1926337 | AQ318: 42686 | AR318: =IF(MONTH(AQ318)=MONTH(AQ317),AR317+AP318,AP318) -> 131.46333 | AT318: 0.14819053 | AU318: 42320 | AV318: =IF(MONTH(AU318)=MONTH(AU317),AV317+AT318,AT318) -> 238.85278 | AX318: 9.6275072 | AY318: 41955 | AZ318: =IF(MONTH(AY318)=MONTH(AY317),AZ317+AX318,AX318) -> 80.638341 | BB318: 0 | BC318: 41590 | BD318: =IF(MONTH(BC318)=MONTH(BC317),BD317+BB318,BB318) -> 63.599122 | BF318: 2.5256009 | BG318: 41225 | BH318: =IF(MONTH(BG318)=MONTH(BG317),BH317+BF318,BF318) -> 32.033227 | BJ318: 15.213659 | BK318: 40859 | BL318: =IF(MONTH(BK318)=MONTH(BK317),BL317+BJ318,BJ318) -> 82.446035 | BN318: 9.0189066 | BO318: 40494 | BP318: =IF(MONTH(BO318)=MONTH(BO317),BP317+BN318,BN318) -> 98.389186 | BR318: 1.6129236 | BS318: 40129 | BT318: =IF(MONTH(BS318)=MONTH(BS317),BT317+BR318,BR318) -> 113.5837 | BV318: 0.17752701 | BW318: 39764 | BX318: =IF(MONTH(BW318)=MONTH(BW317),BX317+BV318,BV318) -> 80.907606 | BZ318: 4.6401167 | CA318: 39398 | CB318: =IF(MONTH(CA318)=MONTH(CA317),CB317+BZ318,BZ318) -> 108.61944 | CD318: 3.8691058 | CE318: 39033 | CF318: =IF(MONTH(CE318)=MONTH(CE317),CF317+CD318,CD318) -> 17.913838 | CH318: 7.9253197 | CI318: 38668 | CJ318: =IF(MONTH(CI318)=MONTH(CI317),CJ317+CH318,CH318) -> 59.095231 | CL318: 17.194738 | CM318: 38303 | CN318: =IF(MONTH(CM318)=MONTH(CM317),CN317+CL318,CL318) -> 63.143539 | CP318: 0.76381451 | CQ318: 37937 | CR318: =IF(MONTH(CQ318)=MONTH(CQ317),CR317+CP318,CP318) -> 42.526336 | CT318: 11.301997 | CU318: 37572 | CV318: =IF(MONTH(CU318)=MONTH(CU317),CV317+CT318,CT318) -> 87.537555 | CX318: 0.6105057 | CY318: 37207 | CZ318: =IF(MONTH(CY318)=MONTH(CY317),CZ317+CX318,CX318) -> 22.297037 | DB318: 0.16184962 | DC318: 36842 | DD318: =IF(MONTH(DC318)=MONTH(DC317),DD317+DB318,DB318) -> 6.1086548
A319: =MEDIAN(F319,J319,N319,R319,V319,Z319,AD319,AH319,AL319,AP319,AT319,AX319,BB319,BF319,BJ319,BN319,BR319,BV319,BZ319,CD319,CH319,CL319,CP319,CT319,CX319,DB319) -> 2.9599211 | B319: 47070 | C319: =IF(MONTH(B319)=MONTH(B318),A319+C318,A319) -> 32.657917 | I319: 1094568 | J319: 2.760684 | K319: =I319/24+2 -> 45609 | L319: =IF(MONTH(K319)=MONTH(K318),J319+L318,J319) -> 20.607837 | M319: 1085784 | N319: 1.2475407 | O319: =M319/24+2 -> 45243 | P319: =IF(MONTH(O319)=MONTH(O318),N319+P318,N319) -> 94.245878 | Q319: 1077024 | R319: 1.0352474 | S319: =Q319/24+2 -> 44878 | T319: =IF(MONTH(S319)=MONTH(S318),R319+T318,R319) -> 63.309454 | U319: 1068264 | V319: 0 | W319: =U319/24+2 -> 44513 | X319: =IF(MONTH(W319)=MONTH(W318),V319+X318,V319) -> 135.63801 | Y319: 1059504 | Z319: 0 | AA319: =Y319/24+2 -> 44148 | AB319: =IF(MONTH(AA319)=MONTH(AA318),Z319+AB318,Z319) -> 4.0975768 | AD319: 11.232571 | AE319: 43782 | AF319: =IF(MONTH(AE319)=MONTH(AE318),AF318+AD319,AD319) -> 85.849229 | AH319: 2.9599211 | AI319: 43417 | AJ319: =IF(MONTH(AI319)=MONTH(AI318),AJ318+AH319,AH319) -> 90.956983 | AL319: 0 | AM319: 43052 | AN319: =IF(MONTH(AM319)=MONTH(AM318),AN318+AL319,AL319) -> 151.21148 | AP319: 0.71947402 | AQ319: 42687 | AR319: =IF(MONTH(AQ319)=MONTH(AQ318),AR318+AP319,AP319) -> 132.18281 | AT319: 4.8620801 | AU319: 42321 | AV319: =IF(MONTH(AU319)=MONTH(AU318),AV318+AT319,AT319) -> 243.71486 | AX319: 0 | AY319: 41956 | AZ319: =IF(MONTH(AY319)=MONTH(AY318),AZ318+AX319,AX319) -> 80.638341 | BB319: 31.132721 | BC319: 41591 | BD319: =IF(MONTH(BC319)=MONTH(BC318),BD318+BB319,BB319) -> 94.731843 | BF319: 19.644474 | BG319: 41226 | BH319: =IF(MONTH(BG319)=MONTH(BG318),BH318+BF319,BF319) -> 51.677701 | BJ319: 7.8834167 | BK319: 40860 | BL319: =IF(MONTH(BK319)=MONTH(BK318),BL318+BJ319,BJ319) -> 90.329452 | BN319: 3.9274535 | BO319: 40495 | BP319: =IF(MONTH(BO319)=MONTH(BO318),BP318+BN319,BN319) -> 102.31664 | BR319: 1.4724668 | BS319: 40130 | BT319: =IF(MONTH(BS319)=MONTH(BS318),BT318+BR319,BR319) -> 115.05617 | BV319: 0 | BW319: 39765 | BX319: =IF(MONTH(BW319)=MONTH(BW318),BX318+BV319,BV319) -> 80.907606 | BZ319: 17.961504 | CA319: 39399 | CB319: =IF(MONTH(CA319)=MONTH(CA318),CB318+BZ319,BZ319) -> 126.58094 | CD319: 3.8823414 | CE319: 39034 | CF319: =IF(MONTH(CE319)=MONTH(CE318),CF318+CD319,CD319) -> 21.796179 | CH319: 4.8809328 | CI319: 38669 | CJ319: =IF(MONTH(CI319)=MONTH(CI318),CJ318+CH319,CH319) -> 63.976163 | CL319: 27.200375 | CM319: 38304 | CN319: =IF(MONTH(CM319)=MONTH(CM318),CN318+CL319,CL319) -> 90.343914 | CP319: 0.40707293 | CQ319: 37938 | CR319: =IF(MONTH(CQ319)=MONTH(CQ318),CR318+CP319,CP319) -> 42.933409 | CT319: 0.29275367 | CU319: 37573 | CV319: =IF(MONTH(CU319)=MONTH(CU318),CV318+CT319,CT319) -> 87.830309 | CX319: 8.2059631 | CY319: 37208 | CZ319: =IF(MONTH(CY319)=MONTH(CY318),CZ318+CX319,CX319) -> 30.503 | DB319: 6.9252882 | DC319: 36843 | DD319: =IF(MONTH(DC319)=MONTH(DC318),DD318+DB319,DB319) -> 13.033943
A320: =MEDIAN(F320,J320,N320,R320,V320,Z320,AD320,AH320,AL320,AP320,AT320,AX320,BB320,BF320,BJ320,BN320,BR320,BV320,BZ320,CD320,CH320,CL320,CP320,CT320,CX320,DB320) -> 3.5808358 | B320: 47071 | C320: =IF(MONTH(B320)=MONTH(B319),A320+C319,A320) -> 36.238752 | I320: 1094592 | J320: 7.6428757 | K320: =I320/24+2 -> 45610 | L320: =IF(MONTH(K320)=MONTH(K319),J320+L319,J320) -> 28.250712 | M320: 1085808 | N320: 2.2101474 | O320: =M320/24+2 -> 45244 | P320: =IF(MONTH(O320)=MONTH(O319),N320+P319,N320) -> 96.456025 | Q320: 1077048 | R320: 13.304496 | S320: =Q320/24+2 -> 44879 | T320: =IF(MONTH(S320)=MONTH(S319),R320+T319,R320) -> 76.61395 | U320: 1068288 | V320: 0 | W320: =U320/24+2 -> 44514 | X320: =IF(MONTH(W320)=MONTH(W319),V320+X319,V320) -> 135.63801 | Y320: 1059528 | Z320: 0 | AA320: =Y320/24+2 -> 44149 | AB320: =IF(MONTH(AA320)=MONTH(AA319),Z320+AB319,Z320) -> 4.0975768 | AD320: 0.20957084 | AE320: 43783 | AF320: =IF(MONTH(AE320)=MONTH(AE319),AF319+AD320,AD320) -> 86.0588 | AH320: 3.718034 | AI320: 43418 | AJ320: =IF(MONTH(AI320)=MONTH(AI319),AJ319+AH320,AH320) -> 94.675017 | AL320: 13.282781 | AM320: 43053 | AN320: =IF(MONTH(AM320)=MONTH(AM319),AN319+AL320,AL320) -> 164.49426 | AP320: 48.568844 | AQ320: 42688 | AR320: =IF(MONTH(AQ320)=MONTH(AQ319),AR319+AP320,AP320) -> 180.75165 | AT320: 0 | AU320: 42322 | AV320: =IF(MONTH(AU320)=MONTH(AU319),AV319+AT320,AT320) -> 243.71486 | AX320: 9.2809086 | AY320: 41957 | AZ320: =IF(MONTH(AY320)=MONTH(AY319),AZ319+AX320,AX320) -> 89.91925 | BB320: 18.710836 | BC320: 41592 | BD320: =IF(MONTH(BC320)=MONTH(BC319),BD319+BB320,BB320) -> 113.44268 | BF320: 1.5141666 | BG320: 41227 | BH320: =IF(MONTH(BG320)=MONTH(BG319),BH319+BF320,BF320) -> 53.191868 | BJ320: 2.3669517 | BK320: 40861 | BL320: =IF(MONTH(BK320)=MONTH(BK319),BL319+BJ320,BJ320) -> 92.696403 | BN320: 25.022648 | BO320: 40496 | BP320: =IF(MONTH(BO320)=MONTH(BO319),BP319+BN320,BN320) -> 127.33929 | BR320: 1.0982869 | BS320: 40131 | BT320: =IF(MONTH(BS320)=MONTH(BS319),BT319+BR320,BR320) -> 116.15446 | BV320: 0 | BW320: 39766 | BX320: =IF(MONTH(BW320)=MONTH(BW319),BX319+BV320,BV320) -> 80.907606 | BZ320: 48.559265 | CA320: 39400 | CB320: =IF(MONTH(CA320)=MONTH(CA319),CB319+BZ320,BZ320) -> 175.14021 | CD320: 0 | CE320: 39035 | CF320: =IF(MONTH(CE320)=MONTH(CE319),CF319+CD320,CD320) -> 21.796179 | CH320: 53.761333 | CI320: 38670 | CJ320: =IF(MONTH(CI320)=MONTH(CI319),CJ319+CH320,CH320) -> 117.7375 | CL320: 18.660725 | CM320: 38305 | CN320: =IF(MONTH(CM320)=MONTH(CM319),CN319+CL320,CL320) -> 109.00464 | CP320: 1.4327251 | CQ320: 37939 | CR320: =IF(MONTH(CQ320)=MONTH(CQ319),CR319+CP320,CP320) -> 44.366134 | CT320: 3.5808358 | CU320: 37574 | CV320: =IF(MONTH(CU320)=MONTH(CU319),CV319+CT320,CT320) -> 91.411145 | CX320: 5.5178332 | CY320: 37209 | CZ320: =IF(MONTH(CY320)=MONTH(CY319),CZ319+CX320,CX320) -> 36.020833 | DB320: 2.1178253 | DC320: 36844 | DD320: =IF(MONTH(DC320)=MONTH(DC319),DD319+DB320,DB320) -> 15.151768
... A367: =MEDIAN(F367,J367,N367,R367,V367,Z367,AD367,AH367,AL367,AP367,AT367,AX367,BB367,BF367,BJ367,BN367,BR367,BV367,BZ367,CD367,CH367,CL367,CP367,CT367,CX367,DB367) -> 1.4953555 | B367: 47118 | C367: =IF(MONTH(B367)=MONTH(B366),A367+C366,A367) -> 93.907462 | I367: 1095720 | J367: 4.1594214 | K367: =I367/24+2 -> 45657 | L367: =IF(MONTH(K367)=MONTH(K366),J367+L366,J367) -> 311.63502 | M367: 1086936 | N367: 1.6181653 | O367: =M367/24+2 -> 45291 | P367: =IF(MONTH(O367)=MONTH(O366),N367+P366,N367) -> 256.14506 | Q367: 1078176 | R367: 7.5122161 | S367: =Q367/24+2 -> 44926 | T367: =IF(MONTH(S367)=MONTH(S366),R367+T366,R367) -> 154.04718 | U367: 1069416 | V367: 1.258664 | W367: =U367/24+2 -> 44561 | X367: =IF(MONTH(W367)=MONTH(W366),V367+X366,V367) -> 249.6519 | Y367: 1060656 | Z367: 0.94684118 | AA367: =Y367/24+2 -> 44196 | AB367: =IF(MONTH(AA367)=MONTH(AA366),Z367+AB366,Z367) -> 241.50271 | AD367: 5.3380313 | AE367: 43830 | AF367: =IF(MONTH(AE367)=MONTH(AE366),AF366+AD367,AD367) -> 279.27806 | AH367: 0 | AI367: 43465 | AJ367: =IF(MONTH(AI367)=MONTH(AI366),AJ366+AH367,AH367) -> 140.78476 | AL367: 5.3753066 | AM367: 43100 | AN367: =IF(MONTH(AM367)=MONTH(AM366),AN366+AL367,AL367) -> 216.38493 | AP367: 2.9196517 | AQ367: 42735 | AR367: =IF(MONTH(AQ367)=MONTH(AQ366),AR366+AP367,AP367) -> 170.45887 | AT367: 1.4953555 | AU367: 42369 | AV367: =IF(MONTH(AU367)=MONTH(AU366),AV366+AT367,AT367) -> 208.68857 | AX367: 6.2555871 | AY367: 42004 | AZ367: =IF(MONTH(AY367)=MONTH(AY366),AZ366+AX367,AX367) -> 247.60969 | BB367: 0 | BC367: 41639 | BD367: =IF(MONTH(BC367)=MONTH(BC366),BD366+BB367,BB367) -> 153.6096 | BF367: 8.6112242 | BG367: 41274 | BH367: =IF(MONTH(BG367)=MONTH(BG366),BH366+BF367,BF367) -> 357.90034 | BJ367: 0 | BK367: 40908 | BL367: =IF(MONTH(BK367)=MONTH(BK366),BL366+BJ367,BJ367) -> 288.3712 | BN367: 0.80078793 | BO367: 40543 | BP367: =IF(MONTH(BO367)=MONTH(BO366),BP366+BN367,BN367) -> 303.67753 | BR367: 0 | BS367: 40178 | BT367: =IF(MONTH(BS367)=MONTH(BS366),BT366+BR367,BR367) -> 181.09176 | BV367: 0 | BW367: 39813 | BX367: =IF(MONTH(BW367)=MONTH(BW366),BX366+BV367,BV367) -> 46.869044 | BZ367: 2.5269094 | CA367: 39447 | CB367: =IF(MONTH(CA367)=MONTH(CA366),CB366+BZ367,BZ367) -> 426.11648 | CD367: 0 | CE367: 39082 | CF367: =IF(MONTH(CE367)=MONTH(CE366),CF366+CD367,CD367) -> 125.45482 | CH367: 0 | CI367: 38717 | CJ367: =IF(MONTH(CI367)=MONTH(CI366),CJ366+CH367,CH367) -> 151.35597 | CL367: 0 | CM367: 38352 | CN367: =IF(MONTH(CM367)=MONTH(CM366),CN366+CL367,CL367) -> 190.20045 | CP367: 2.7847319 | CQ367: 37986 | CR367: =IF(MONTH(CQ367)=MONTH(CQ366),CR366+CP367,CP367) -> 164.46101 | CT367: 1.1623567 | CU367: 37621 | CV367: =IF(MONTH(CU367)=MONTH(CU366),CV366+CT367,CT367) -> 139.94426 | CX367: 6.2628932 | CY367: 37256 | CZ367: =IF(MONTH(CY367)=MONTH(CY366),CZ366+CX367,CX367) -> 144.41214 | DB367: 2.2890565 | DC367: 36891 | DD367: =IF(MONTH(DC367)=MONTH(DC366),DD366+DB367,DB367) -> 47.786016

Sheet Dashboard
B1: =IF(B2>26,CHAR(QUOTIENT(B2,26)+64)&""&CHAR(MOD(B2,26)+64),CHAR(B2+64)) -> E | C1: =IF(C2>26,CHAR(QUOTIENT(C2,26)+64)&""&CHAR(MOD(C2,26)+64),CHAR(C2+64)) -> I | D1: =IF(D2>26,CHAR(QUOTIENT(D2,26)+64)&""&CHAR(MOD(D2,26)+64),CHAR(D2+64)) -> M | E1: =IF(E2>26,CHAR(QUOTIENT(E2,26)+64)&""&CHAR(MOD(E2,26)+64),CHAR(E2+64)) -> Q | F1: =IF(F2>26,CHAR(QUOTIENT(F2,26)+64)&""&CHAR(MOD(F2,26)+64),CHAR(F2+64)) -> U | G1: =IF(G2>26,CHAR(QUOTIENT(G2,26)+64)&""&CHAR(MOD(G2,26)+64),CHAR(G2+64)) -> Y | H1: =IF(H2>26,CHAR(QUOTIENT(H2,26)+64)&""&CHAR(MOD(H2,26)+64),CHAR(H2-1+64)) -> AC | I1: =IF(I2>26,CHAR(QUOTIENT(I2,26)+64)&""&CHAR(MOD(I2,26)+64),CHAR(I2-1+64)) -> AG | J1: =IF(J2>26,CHAR(QUOTIENT(J2,26)+64)&""&CHAR(MOD(J2,26)+64),CHAR(J2-1+64)) -> AK | K1: =IF(K2>26,CHAR(QUOTIENT(K2,26)+64)&""&CHAR(MOD(K2,26)+64),CHAR(K2-1+64)) -> AO | L1: =IF(L2>26,CHAR(QUOTIENT(L2,26)+64)&""&CHAR(MOD(L2,26)+64),CHAR(L2-1+64)) -> AS | M1: =IF(M2>26,CHAR(QUOTIENT(M2,26)+64)&""&CHAR(MOD(M2,26)+64),CHAR(M2-1+64)) -> AW | N1: =IF(N2>26,CHAR(QUOTIENT(N2,26)+64)&""&CHAR(MOD(N2,26)+64),CHAR(N2-1+64)) -> BA | O1: =IF(O2>26,CHAR(QUOTIENT(O2,26)+64)&""&CHAR(MOD(O2,26)+64),CHAR(O2-1+64)) -> BE | ... AA1: =IF(AA2>26,CHAR(QUOTIENT(AA2,26)+64)&""&CHAR(MOD(AA2,26)+64),CHAR(AA2-1+64)) -> DA
A2: Month | B2: 5 | C2: 9 | D2: 13 | E2: 17 | F2: 21 | G2: 25 | H2: 29 | I2: 33 | J2: 37 | K2: 41 | L2: 45 | M2: 49 | N2: 53 | O2: 57 | P2: 61 | Q2: 65 | R2: 69 | S2: 73 | T2: 77 | U2: 81 | V2: 85 | W2: 89 | X2: 93 | Y2: 97 | Z2: 101 | AA2: 105
B3: 2025 | C3: 2024 | D3: 2023 | E3: 2022 | F3: 2021 | G3: 2020 | H3: 2019 | I3: 2018 | J3: 2017 | K3: 2016 | L3: 2015 | M3: 2014 | N3: 2013 | O3: 2012 | P3: 2011 | Q3: 2010 | R3: 2009 | S3: 2008 | T3: 2007 | U3: 2006 | V3: 2005 | W3: 2004 | X3: 2003 | Y3: 2002 | Z3: 2001 | AA3: 2000
A4: January | B4: ='Monthly Derived'!E3 -> 40.713832 | C4: ='Monthly Derived'!I3 -> 43.503708 | D4: ='Monthly Derived'!M3 -> 34.911637 | E4: ='Monthly Derived'!Q3 -> 4.960638 | F4: ='Monthly Derived'!U3 -> 0.8431876 | G4: ='Monthly Derived'!Y3 -> 9.4184262 | H4: ='Monthly Derived'!AC3 -> 20.341599 | I4: ='Monthly Derived'!AG3 -> 27.739058 | J4: ='Monthly Derived'!AK3 -> 50 | K4: ='Monthly Derived'!AO3 -> 47.860266 | L4: ='Monthly Derived'!AS3 -> 42.427257 | M4: ='Monthly Derived'!AW3 -> 45.558321 | N4: ='Monthly Derived'!BA3 -> 48.184829 | O4: ='Monthly Derived'!BE3 -> 35.505454 | P4: ='Monthly Derived'!BI3 -> 11.702506 | Q4: ='Monthly Derived'!BM3 -> 29.483845 | R4: ='Monthly Derived'!BQ3 -> 33.933332 | S4: ='Monthly Derived'!BU3 -> 28.377894 | T4: ='Monthly Derived'!BY3 -> -6.1795696 | U4: ='Monthly Derived'!CC3 -> -0.70482306 | V4: ='Monthly Derived'!CG3 -> -7.1601771 | W4: ='Monthly Derived'!CK3 -> -5.4576385 | X4: ='Monthly Derived'!CO3 -> -1.9561994 | Y4: ='Monthly Derived'!CS3 -> -5.3254023 | Z4: ='Monthly Derived'!CW3 -> -7.0200447 | AA4: ='Monthly Derived'!DA3 -> 50
A5: February | B5: ='Monthly Derived'!E4 -> 50 | C5: ='Monthly Derived'!I4 -> 44.020484 | D5: ='Monthly Derived'!M4 -> 35.093208 | E5: ='Monthly Derived'!Q4 -> 5.680346 | F5: ='Monthly Derived'!U4 -> 0.92490935 | G5: ='Monthly Derived'!Y4 -> 5.9363793 | H5: ='Monthly Derived'!AC4 -> 23.171892 | I5: ='Monthly Derived'!AG4 -> 26.054515 | J5: ='Monthly Derived'!AK4 -> 50 | K5: ='Monthly Derived'!AO4 -> 50 | L5: ='Monthly Derived'!AS4 -> 49.788534 | M5: ='Monthly Derived'!AW4 -> 45.629401 | N5: ='Monthly Derived'!BA4 -> 50 | O5: ='Monthly Derived'!BE4 -> 41.822416 | P5: ='Monthly Derived'!BI4 -> 13.160966 | Q5: ='Monthly Derived'!BM4 -> 29.900971 | R5: ='Monthly Derived'!BQ4 -> 41.168886 | S5: ='Monthly Derived'!BU4 -> 37.378422 | T5: ='Monthly Derived'!BY4 -> -8.3702706 | U5: ='Monthly Derived'!CC4 -> 4.9836026 | V5: ='Monthly Derived'!CG4 -> -6.5804226 | W5: ='Monthly Derived'!CK4 -> -5.1514325 | X5: ='Monthly Derived'!CO4 -> -2.8717666 | Y5: ='Monthly Derived'!CS4 -> -4.5087581 | Z5: ='Monthly Derived'!CW4 -> -6.0544532 | AA5: ='Monthly Derived'!DA4 -> 48.458123
A6: March | B6: ='Monthly Derived'!E5 -> 50 | C6: ='Monthly Derived'!I5 -> 42.478141 | D6: ='Monthly Derived'!M5 -> 40.928377 | E6: ='Monthly Derived'!Q5 -> 19.65331 | F6: ='Monthly Derived'!U5 -> 6.4595959 | G6: ='Monthly Derived'!Y5 -> 0.65143775 | H6: ='Monthly Derived'!AC5 -> 24.148043 | I6: ='Monthly Derived'!AG5 -> 33.172582 | J6: ='Monthly Derived'!AK5 -> 50 | K6: ='Monthly Derived'!AO5 -> 50 | L6: ='Monthly Derived'!AS5 -> 50 | M6: ='Monthly Derived'!AW5 -> 42.350994 | N6: ='Monthly Derived'!BA5 -> 49.062959 | O6: ='Monthly Derived'!BE5 -> 50 | P6: ='Monthly Derived'!BI5 -> 14.539132 | Q6: ='Monthly Derived'!BM5 -> 27.615738 | R6: ='Monthly Derived'!BQ5 -> 49.432455 | S6: ='Monthly Derived'!BU5 -> 37.857812 | T6: ='Monthly Derived'!BY5 -> -5.8428044 | U6: ='Monthly Derived'!CC5 -> 6.1661244 | V6: ='Monthly Derived'!CG5 -> -3.7360767 | W6: ='Monthly Derived'!CK5 -> -1.6607232 | X6: ='Monthly Derived'!CO5 -> 0.34645028 | Y6: ='Monthly Derived'!CS5 -> -0.74178168 | Z6: ='Monthly Derived'!CW5 -> -7.2248821 | AA6: ='Monthly Derived'!DA5 -> 43.130314
A7: April | B7: ='Monthly Derived'!E6 -> 50 | C7: ='Monthly Derived'!I6 -> 44.628509 | D7: ='Monthly Derived'!M6 -> 50 | E7: ='Monthly Derived'!Q6 -> 26.537278 | F7: ='Monthly Derived'!U6 -> 8.4175675 | G7: ='Monthly Derived'!Y6 -> 1.3620872 | H7: ='Monthly Derived'!AC6 -> 26.955016 | I7: ='Monthly Derived'!AG6 -> 33.688954 | J7: ='Monthly Derived'!AK6 -> 48.833077 | K7: ='Monthly Derived'!AO6 -> 49.549494 | L7: ='Monthly Derived'!AS6 -> 50 | M7: ='Monthly Derived'!AW6 -> 35.063903 | N7: ='Monthly Derived'!BA6 -> 50 | O7: ='Monthly Derived'!BE6 -> 50 | P7: ='Monthly Derived'!BI6 -> 25.53189 | Q7: ='Monthly Derived'!BM6 -> 30.014419 | R7: ='Monthly Derived'!BQ6 -> 50 | S7: ='Monthly Derived'!BU6 -> 46.515536 | T7: ='Monthly Derived'!BY6 -> -6.0982396 | U7: ='Monthly Derived'!CC6 -> 13.380945 | V7: ='Monthly Derived'!CG6 -> -4.0746447 | W7: ='Monthly Derived'!CK6 -> 4.0921945 | X7: ='Monthly Derived'!CO6 -> -1.1360166 | Y7: ='Monthly Derived'!CS6 -> -1.9369875 | Z7: ='Monthly Derived'!CW6 -> -6.4334126 | AA7: ='Monthly Derived'!DA6 -> 37.83337
A8: May | B8: ='Monthly Derived'!E7 -> 50 | C8: ='Monthly Derived'!I7 -> 50 | D8: ='Monthly Derived'!M7 -> 50 | E8: ='Monthly Derived'!Q7 -> 31.92422 | F8: ='Monthly Derived'!U7 -> 11.896589 | G8: ='Monthly Derived'!Y7 -> 8.1434694 | H8: ='Monthly Derived'!AC7 -> 29.590418 | I8: ='Monthly Derived'!AG7 -> 36.592793 | J8: ='Monthly Derived'!AK7 -> 50 | K8: ='Monthly Derived'!AO7 -> 50 | L8: ='Monthly Derived'!AS7 -> 50 | M8: ='Monthly Derived'!AW7 -> 33.707331 | N8: ='Monthly Derived'!BA7 -> 50 | O8: ='Monthly Derived'!BE7 -> 50 | P8: ='Monthly Derived'!BI7 -> 29.742019 | Q8: ='Monthly Derived'!BM7 -> 25.757859 | R8: ='Monthly Derived'!BQ7 -> 42.294309 | S8: ='Monthly Derived'!BU7 -> 50 | T8: ='Monthly Derived'!BY7 -> -4.8437453 | U8: ='Monthly Derived'!CC7 -> 11.650229 | V8: ='Monthly Derived'!CG7 -> -5.0810973 | W8: ='Monthly Derived'!CK7 -> 8.21556 | X8: ='Monthly Derived'!CO7 -> 1.2490183 | Y8: ='Monthly Derived'!CS7 -> -3.1169582 | Z8: ='Monthly Derived'!CW7 -> 0.31223382 | AA8: ='Monthly Derived'!DA7 -> 37.566464
A9: June | B9: ='Monthly Derived'!E8 -> 50 | C9: ='Monthly Derived'!I8 -> 50 | D9: ='Monthly Derived'!M8 -> 50 | E9: ='Monthly Derived'!Q8 -> 33.354052 | F9: ='Monthly Derived'!U8 -> 20.364202 | G9: ='Monthly Derived'!Y8 -> 6.0867442 | H9: ='Monthly Derived'!AC8 -> 33.110091 | I9: ='Monthly Derived'!AG8 -> 40.060891 | J9: ='Monthly Derived'!AK8 -> 50 | K9: ='Monthly Derived'!AO8 -> 50 | L9: ='Monthly Derived'!AS8 -> 50 | M9: ='Monthly Derived'!AW8 -> 35.443724 | N9: ='Monthly Derived'!BA8 -> 50 | O9: ='Monthly Derived'!BE8 -> 50 | P9: ='Monthly Derived'!BI8 -> 30.426458 | Q9: ='Monthly Derived'!BM8 -> 19.872089 | R9: ='Monthly Derived'!BQ8 -> 34.217638 | S9: ='Monthly Derived'!BU8 -> 50 | T9: ='Monthly Derived'!BY8 -> -3.952853 | U9: ='Monthly Derived'!CC8 -> 15.749569 | V9: ='Monthly Derived'!CG8 -> -6.4748682 | W9: ='Monthly Derived'!CK8 -> 6.3548885 | X9: ='Monthly Derived'!CO8 -> 0.60988564 | Y9: ='Monthly Derived'!CS8 -> -2.2747385 | Z9: ='Monthly Derived'!CW8 -> -1.2447356 | AA9: ='Monthly Derived'!DA8 -> 33.278643
A10: July | B10: ='Monthly Derived'!E9 -> 50 | C10: ='Monthly Derived'!I9 -> 46.71197 | D10: ='Monthly Derived'!M9 -> 50 | E10: ='Monthly Derived'!Q9 -> 35.853766 | F10: ='Monthly Derived'!U9 -> 16.702541 | G10: ='Monthly Derived'!Y9 -> 2.5205313 | H10: ='Monthly Derived'!AC9 -> 32.853519 | I10: ='Monthly Derived'!AG9 -> 41.987935 | J10: ='Monthly Derived'!AK9 -> 47.376636 | K10: ='Monthly Derived'!AO9 -> 50 | L10: ='Monthly Derived'!AS9 -> 50 | M10: ='Monthly Derived'!AW9 -> 35.454902 | N10: ='Monthly Derived'!BA9 -> 50 | O10: ='Monthly Derived'!BE9 -> 50 | P10: ='Monthly Derived'!BI9 -> 27.789713 | Q10: ='Monthly Derived'!BM9 -> 13.767399 | R10: ='Monthly Derived'!BQ9 -> 30.935032 | S10: ='Monthly Derived'!BU9 -> 50 | T10: ='Monthly Derived'!BY9 -> -7.6727905 | U10: ='Monthly Derived'!CC9 -> 16.498527 | V10: ='Monthly Derived'!CG9 -> -8.2379109 | W10: ='Monthly Derived'!CK9 -> 6.9186896 | X10: ='Monthly Derived'!CO9 -> 11.541384 | Y10: ='Monthly Derived'!CS9 -> -3.7751119 | Z10: ='Monthly Derived'!CW9 -> -4.9240978 | AA10: ='Monthly Derived'!DA9 -> 27.800729
A11: August | B11: ='Monthly Derived'!E10 -> 48.38538 | C11: ='Monthly Derived'!I10 -> 42.90782 | D11: ='Monthly Derived'!M10 -> 48.87881 | E11: ='Monthly Derived'!Q10 -> 33.524233 | F11: ='Monthly Derived'!U10 -> 9.9209302 | G11: ='Monthly Derived'!Y10 -> -5.3290821 | H11: ='Monthly Derived'!AC10 -> 29.645829 | I11: ='Monthly Derived'!AG10 -> 39.439885 | J11: ='Monthly Derived'!AK10 -> 46.976513 | K11: ='Monthly Derived'!AO10 -> 45.26871 | L11: ='Monthly Derived'!AS10 -> 49.870677 | M11: ='Monthly Derived'!AW10 -> 32.883 | N11: ='Monthly Derived'!BA10 -> 49.009154 | O11: ='Monthly Derived'!BE10 -> 47.333277 | P11: ='Monthly Derived'!BI10 -> 27.67031 | Q11: ='Monthly Derived'!BM10 -> 5.8027763 | R11: ='Monthly Derived'!BQ10 -> 31.971023 | S11: ='Monthly Derived'!BU10 -> 50 | T11: ='Monthly Derived'!BY10 -> -4.0907504 | U11: ='Monthly Derived'!CC10 -> 15.892067 | V11: ='Monthly Derived'!CG10 -> -8.1655967 | W11: ='Monthly Derived'!CK10 -> 4.0834563 | X11: ='Monthly Derived'!CO10 -> 6.8006849 | Y11: ='Monthly Derived'!CS10 -> -3.2741897 | Z11: ='Monthly Derived'!CW10 -> -6.5170492 | AA11: ='Monthly Derived'!DA10 -> 20.122427
A12: September | B12: ='Monthly Derived'!E11 -> 44.192101 | C12: ='Monthly Derived'!I11 -> 37.763249 | D12: ='Monthly Derived'!M11 -> 43.842033 | E12: ='Monthly Derived'!Q11 -> 27.972316 | F12: ='Monthly Derived'!U11 -> 3.4308947 | G12: ='Monthly Derived'!Y11 -> -5.2751888 | H12: ='Monthly Derived'!AC11 -> 26.281753 | I12: ='Monthly Derived'!AG11 -> 34.402328 | J12: ='Monthly Derived'!AK11 -> 44.859393 | K12: ='Monthly Derived'!AO11 -> 50 | L12: ='Monthly Derived'!AS11 -> 45.779486 | M12: ='Monthly Derived'!AW11 -> 31.129103 | N12: ='Monthly Derived'!BA11 -> 49.516737 | O12: ='Monthly Derived'!BE11 -> 45.382857 | P12: ='Monthly Derived'!BI11 -> 21.894433 | Q12: ='Monthly Derived'!BM11 -> 3.1980096 | R12: ='Monthly Derived'!BQ11 -> 33.443774 | S12: ='Monthly Derived'!BU11 -> 50 | T12: ='Monthly Derived'!BY11 -> 3.4835495 | U12: ='Monthly Derived'!CC11 -> 7.6844577 | V12: ='Monthly Derived'!CG11 -> -6.8583955 | W12: ='Monthly Derived'!CK11 -> 3.3965324 | X12: ='Monthly Derived'!CO11 -> 4.1015999 | Y12: ='Monthly Derived'!CS11 -> -6.984249 | Z12: ='Monthly Derived'!CW11 -> -7.0671221 | AA12: ='Monthly Derived'!DA11 -> 15.066304
A13: October | B13: ='Monthly Derived'!E12 -> 50 | C13: ='Monthly Derived'!I12 -> 36.643326 | D13: ='Monthly Derived'!M12 -> 42.812528 | E13: ='Monthly Derived'!Q12 -> 32.967267 | F13: ='Monthly Derived'!U12 -> 3.0277229 | G13: ='Monthly Derived'!Y12 -> -6.382548 | H13: ='Monthly Derived'!AC12 -> 32.19861 | I13: ='Monthly Derived'!AG12 -> 36.331458 | J13: ='Monthly Derived'!AK12 -> 42.154418 | K13: ='Monthly Derived'!AO12 -> 49.185589 | L13: ='Monthly Derived'!AS12 -> 47.441721 | M13: ='Monthly Derived'!AW12 -> 30.790132 | N13: ='Monthly Derived'!BA12 -> 47.719533 | O13: ='Monthly Derived'!BE12 -> 46.879988 | P13: ='Monthly Derived'!BI12 -> 22.83915 | Q13: ='Monthly Derived'!BM12 -> 1.3725717 | R13: ='Monthly Derived'!BQ12 -> 34.207273 | S13: ='Monthly Derived'!BU12 -> 47.215358 | T13: ='Monthly Derived'!BY12 -> 7.693344 | U13: ='Monthly Derived'!CC12 -> 1.4312886 | V13: ='Monthly Derived'!CG12 -> -2.5023232 | W13: ='Monthly Derived'!CK12 -> -0.10976116 | X13: ='Monthly Derived'!CO12 -> 2.0522317 | Y13: ='Monthly Derived'!CS12 -> 6.3653338 | Z13: ='Monthly Derived'!CW12 -> -6.2420936 | AA13: ='Monthly Derived'!DA12 -> 8.7943202
A14: November | B14: ='Monthly Derived'!E13 -> 47.195437 | C14: ='Monthly Derived'!I13 -> 36.33734 | D14: ='Monthly Derived'!M13 -> 45.543453 | E14: ='Monthly Derived'!Q13 -> 32.186857 | F14: ='Monthly Derived'!U13 -> 6.6902926 | G14: ='Monthly Derived'!Y13 -> -5.7360447 | H14: ='Monthly Derived'!AC13 -> 23.202723 | I14: ='Monthly Derived'!AG13 -> 28.563777 | J14: ='Monthly Derived'!AK13 -> 33.585082 | K14: ='Monthly Derived'!AO13 -> 50 | L14: ='Monthly Derived'!AS13 -> 50 | M14: ='Monthly Derived'!AW13 -> 35.812906 | N14: ='Monthly Derived'!BA13 -> 48.950734 | O14: ='Monthly Derived'!BE13 -> 50 | P14: ='Monthly Derived'!BI13 -> 28.854542 | Q14: ='Monthly Derived'!BM13 -> 4.8510914 | R14: ='Monthly Derived'!BQ13 -> 34.12584 | S14: ='Monthly Derived'!BU13 -> 42.693635 | T14: ='Monthly Derived'!BY13 -> 12.963474 | U14: ='Monthly Derived'!CC13 -> -5.405957 | V14: ='Monthly Derived'!CG13 -> 2.4150495 | W14: ='Monthly Derived'!CK13 -> 0.13840296 | X14: ='Monthly Derived'!CO13 -> -0.017608977 | Y14: ='Monthly Derived'!CS13 -> 5.8626098 | Z14: ='Monthly Derived'!CW13 -> -4.1176318 | AA14: ='Monthly Derived'!DA13 -> 1.2902376
A15: Decemeber | B15: ='Monthly Derived'!E14 -> 44.707193 | C15: ='Monthly Derived'!I14 -> 40.94624 | D15: ='Monthly Derived'!M14 -> 47.729143 | E15: ='Monthly Derived'!Q14 -> 29.913998 | F15: ='Monthly Derived'!U14 -> 8.5924298 | G15: ='Monthly Derived'!Y14 -> 1.5462677 | H15: ='Monthly Derived'!AC14 -> 14.202723 | I15: ='Monthly Derived'!AG14 -> 19.798513 | J15: ='Monthly Derived'!AK14 -> 24.712581 | K15: ='Monthly Derived'!AO14 -> 48.443829 | L15: ='Monthly Derived'!AS14 -> 50 | M15: ='Monthly Derived'!AW14 -> 37.625861 | N15: ='Monthly Derived'!BA14 -> 46.658766 | O15: ='Monthly Derived'!BE14 -> 50 | P15: ='Monthly Derived'!BI14 -> 32.447527 | Q15: ='Monthly Derived'!BM14 -> 9.1124934 | R15: ='Monthly Derived'!BQ14 -> 33.034001 | S15: ='Monthly Derived'!BU14 -> 35.740376 | T15: ='Monthly Derived'!BY14 -> 22.571706 | U15: ='Monthly Derived'!CC14 -> -3.5214687 | V15: ='Monthly Derived'!CG14 -> 0.024667233 | W15: ='Monthly Derived'!CK14 -> -0.55566612 | X15: ='Monthly Derived'!CO14 -> -1.8180939 | Y15: ='Monthly Derived'!CS14 -> 2.9738852 | Z15: ='Monthly Derived'!CW14 -> -2.6936152 | AA15: ='Monthly Derived'!DA14 -> -5.622978
A18: Assumptions: | B18: Values
A19: People | B19: 180
A20: 50 L/day | B20: =50/1000 -> 0.05
A21: roof size (m^2) | B21: 1500
A22: Loss % | B22: =1-90.25% -> 0.0975
A23: Tank size (m^3) | B23: 100

Sheet Monthly Derived
B1: 2025 | F1: 2024 | J1: 2023 | N1: 2022 | R1: 2021 | V1: 2020 | Z1: 2019 | AD1: 2018 | AH1: 2017 | AL1: 2016 | AP1: 2015 | AT1: 2014 | AX1: 2013 | BB1: 2012 | BF1: 2011 | BJ1: 2010 | BN1: 2009 | BR1: 2008 | BV1: 2007 | BZ1: 2006 | CD1: 2005 | CH1: 2004 | CL1: 2003 | CP1: 2002 | CT1: 2001 | CX1: 2000
A2: Month | B2: Totals | C2: Averages | D2: Surplus/Deficit | E2: Running Total | F2: Totals | G2: Averages | H2: Surplus/Deficit | I2: Running Total | J2: Totals | K2: Averages | L2: Surplus/Deficit | M2: Running Total | N2: Totals | O2: Averages | P2: Surplus/Deficit | Q2: Running Total | R2: Totals | S2: Averages | T2: Surplus/Deficit | U2: Running Total | V2: Totals | W2: Averages | X2: Surplus/Deficit | Y2: Running Total | Z2: Totals | AA2: Averages | AB2: Surplus/Deficit | AC2: Running Total | AD2: Totals | AE2: Averages | AF2: Surplus/Deficit | AG2: Running Total | AH2: Totals | AI2: Averages | AJ2: Surplus/Deficit | AK2: Running Total | AL2: Totals | AM2: Averages | AN2: Surplus/Deficit | AO2: Running Total | AP2: Totals | AQ2: Averages | AR2: Surplus/Deficit | AS2: Running Total | AT2: Totals | AU2: Averages | AV2: Surplus/Deficit | AW2: Running Total | AX2: Totals | AY2: Averages | AZ2: Surplus/Deficit | BA2: Running Total | BB2: Totals | BC2: Averages | BD2: Surplus/Deficit | BE2: Running Total | BF2: Totals | BG2: Averages | BH2: Surplus/Deficit | BI2: Running Total | BJ2: Totals | BK2: Averages | BL2: Surplus/Deficit | BM2: Running Total | BN2: Totals | BO2: Averages | BP2: Surplus/Deficit | BQ2: Running Total | BR2: Totals | BS2: Averages | BT2: Surplus/Deficit | BU2: Running Total | BV2: Totals | BW2: Averages | BX2: Surplus/Deficit | BY2: Running Total | BZ2: Totals | CA2: Averages | CB2: Surplus/Deficit | CC2: Running Total | CD2: Totals | CE2: Averages | CF2: Surplus/Deficit | CG2: Running Total | CH2: Totals | CI2: Averages | CJ2: Surplus/Deficit | CK2: Running Total | CL2: Totals | CM2: Averages | CN2: Surplus/Deficit | CO2: Running Total | CP2: Totals | CQ2: Averages | CR2: Surplus/Deficit | CS2: Running Total | CT2: Totals | CU2: Averages | CV2: Surplus/Deficit | CW2: Running Total | CX2: Totals | CY2: Averages | CZ2: Surplus/Deficit | DA2: Running Total
A3: January | B3: =(Data!H32) -> 200.77217 | C3: =IF(COUNTIF($A$37:$A$40,$A3)>0,B3/30,IF(COUNTIF($B$37:$B$43,$A3)>0,B3/31,IF(OR(MOD(B$1,4)=0,B$1=2000),B3/29,B3/28))) -> 6.4765216 | D3: =($B$28/1000*(1-$B$29)*C3)-($B$26*$B$27) -> -0.23240887 | E3: =MIN(D3+MAX(I14,0),$B$30) -> 40.713832 | F3: =(Data!L32) -> 109.33446 | G3: =IF(COUNTIF($A$37:$A$40,$A3)>0,F3/30,IF(COUNTIF($B$37:$B$43,$A3)>0,F3/31,IF(OR(MOD(F$1,4)=0,F$1=2000),F3/29,F3/28))) -> 3.5269181 | H3: =($B$28/1000*(1-$B$29)*G3)-($B$26*$B$27) -> -4.2254346 | I3: =MIN(H3+MAX(M14,0),$B$30) -> 43.503708 | J3: =(Data!P32) -> 320.53687 | K3: =IF(COUNTIF($A$37:$A$40,$A3)>0,J3/30,IF(COUNTIF($B$37:$B$43,$A3)>0,J3/31,IF(OR(MOD(J$1,4)=0,J$1=2000),J3/29,J3/28))) -> 10.339899 | L3: =($B$28/1000*(1-$B$29)*K3)-($B$26*$B$27) -> 4.9976385 | M3: =MIN(L3+MAX(Q14,0),$B$30) -> 34.911637 | N3: =(Data!T32) -> 122.9285 | O3: =IF(COUNTIF($A$37:$A$40,$A3)>0,N3/30,IF(COUNTIF($B$37:$B$43,$A3)>0,N3/31,IF(OR(MOD(N$1,4)=0,N$1=2000),N3/29,N3/28))) -> 3.9654354 | P3: =($B$28/1000*(1-$B$29)*O3)-($B$26*$B$27) -> -3.6317918 | Q3: =MIN(P3+MAX(U14,0),$B$30) -> 4.960638 | R3: =(Data!X32) -> 189.9941 | S3: =IF(COUNTIF($A$37:$A$40,$A3)>0,R3/30,IF(COUNTIF($B$37:$B$43,$A3)>0,R3/31,IF(OR(MOD(R$1,4)=0,R$1=2000),R3/29,R3/28))) -> 6.1288421 | T3: =($B$28/1000*(1-$B$29)*S3)-($B$26*$B$27) -> -0.70308006 | U3: =MIN(T3+MAX(Y14,0),$B$30) -> 0.8431876 | V3: =(Data!AB32) -> 96.536889 | W3: =IF(COUNTIF($A$37:$A$40,$A3)>0,V3/30,IF(COUNTIF($B$37:$B$43,$A3)>0,V3/31,IF(OR(MOD(V$1,4)=0,V$1=2000),V3/29,V3/28))) -> 3.1140932 | X3: =($B$28/1000*(1-$B$29)*W3)-($B$26*$B$27) -> -4.7842963 | Y3: =MIN(X3+MAX(AC14,0),$B$30) -> 9.4184262 | Z3: =(Data!AF32) -> 218.5305 | AA3: =IF(COUNTIF($A$37:$A$40,$A3)>0,Z3/30,IF(COUNTIF($B$37:$B$43,$A3)>0,Z3/31,IF(OR(MOD(Z$1,4)=0,Z$1=2000),Z3/29,Z3/28))) -> 7.0493711 | AB3: =($B$28/1000*(1-$B$29)*AA3)-($B$26*$B$27) -> 0.54308612 | AC3: =MIN(AB3+MAX(AG14,0),$B$30) -> 20.341599 | AD3: =(Data!AJ32) -> 275.39854 | AE3: =IF(COUNTIF($A$37:$A$40,$A3)>0,AD3/30,IF(COUNTIF($B$37:$B$43,$A3)>0,AD3/31,IF(OR(MOD(AD$1,4)=0,AD$1=2000),AD3/29,AD3/28))) -> 8.8838238 | AF3: =($B$28/1000*(1-$B$29)*AE3)-($B$26*$B$27) -> 3.0264765 | AG3: =MIN(AF3+MAX(AK14,0),$B$30) -> 27.739058 | AH3: =(Data!AN32) -> 330.4787 | AI3: =IF(COUNTIF($A$37:$A$40,$A3)>0,AH3/30,IF(COUNTIF($B$37:$B$43,$A3)>0,AH3/31,IF(OR(MOD(AH$1,4)=0,AH$1=2000),AH3/29,AH3/28))) -> 10.660603 | AJ3: =($B$28/1000*(1-$B$29)*AI3)-($B$26*$B$27) -> 5.4317915 | AK3: =MIN(AJ3+MAX(AO14,0),$B$30) -> 50 | AL3: =(Data!AR32) -> 157.09566 | AM3: =IF(COUNTIF($A$37:$A$40,$A3)>0,AL3/30,IF(COUNTIF($B$37:$B$43,$A3)>0,AL3/31,IF(OR(MOD(AL$1,4)=0,AL$1=2000),AL3/29,AL3/28))) -> 5.0676021 | AN3: =($B$28/1000*(1-$B$29)*AM3)-($B$26*$B$27) -> -2.1397337 | AO3: =MIN(AN3+MAX(AS14,0),$B$30) -> 47.860266 | AP3: =(Data!AV32) -> 316.04304 | AQ3: =IF(COUNTIF($A$37:$A$40,$A3)>0,AP3/30,IF(COUNTIF($B$37:$B$43,$A3)>0,AP3/31,IF(OR(MOD(AP$1,4)=0,AP$1=2000),AP3/29,AP3/28))) -> 10.194937 | AR3: =($B$28/1000*(1-$B$29)*AQ3)-($B$26*$B$27) -> 4.8013958 | AS3: =MIN(AR3+MAX(AW14,0),$B$30) -> 42.427257 | AT3: =(Data!AZ32) -> 180.8947 | AU3: =IF(COUNTIF($A$37:$A$40,$A3)>0,AT3/30,IF(COUNTIF($B$37:$B$43,$A3)>0,AT3/31,IF(OR(MOD(AT$1,4)=0,AT$1=2000),AT3/29,AT3/28))) -> 5.8353129 | AV3: =($B$28/1000*(1-$B$29)*AU3)-($B$26*$B$27) -> -1.1004451 | AW3: =MIN(AV3+MAX(BA14,0),$B$30) -> 45.558321 | AX3: =(Data!BD32) -> 164.52794 | AY3: =IF(COUNTIF($A$37:$A$40,$A3)>0,AX3/30,IF(COUNTIF($B$37:$B$43,$A3)>0,AX3/31,IF(OR(MOD(AX$1,4)=0,AX$1=2000),AX3/29,AX3/28))) -> 5.3073529 | AZ3: =($B$28/1000*(1-$B$29)*AY3)-($B$26*$B$27) -> -1.815171 | BA3: =MIN(AZ3+MAX(BE14,0),$B$30) -> 48.184829 | BB3: =(Data!BH32) -> 276.11875 | BC3: =IF(COUNTIF($A$37:$A$40,$A3)>0,BB3/30,IF(COUNTIF($B$37:$B$43,$A3)>0,BB3/31,IF(OR(MOD(BB$1,4)=0,BB$1=2000),BB3/29,BB3/28))) -> 8.9070564 | BD3: =($B$28/1000*(1-$B$29)*BC3)-($B$26*$B$27) -> 3.0579277 | BE3: =MIN(BD3+MAX(BI14,0),$B$30) -> 35.505454 | BF3: =(Data!BL32) -> 265.40379 | BG3: =IF(COUNTIF($A$37:$A$40,$A3)>0,BF3/30,IF(COUNTIF($B$37:$B$43,$A3)>0,BF3/31,IF(OR(MOD(BF$1,4)=0,BF$1=2000),BF3/29,BF3/28))) -> 8.5614126 | BH3: =($B$28/1000*(1-$B$29)*BG3)-($B$26*$B$27) -> 2.5900123 | BI3: =MIN(BH3+MAX(BM14,0),$B$30) -> 11.702506 | BJ3: =(Data!BP32) -> 124.79792 | BK3: =IF(COUNTIF($A$37:$A$40,$A3)>0,BJ3/30,IF(COUNTIF($B$37:$B$43,$A3)>0,BJ3/31,IF(OR(MOD(BJ$1,4)=0,BJ$1=2000),BJ3/29,BJ3/28))) -> 4.0257395 | BL3: =($B$28/1000*(1-$B$29)*BK3)-($B$26*$B$27) -> -3.5501552 | BM3: =MIN(BL3+MAX(BQ14,0),$B$30) -> 29.483845 | BN3: =(Data!BT32) -> 164.71406 | BO3: =IF(COUNTIF($A$37:$A$40,$A3)>0,BN3/30,IF(COUNTIF($B$37:$B$43,$A3)>0,BN3/31,IF(OR(MOD(BN$1,4)=0,BN$1=2000),BN3/29,BN3/28))) -> 5.3133569 | BP3: =($B$28/1000*(1-$B$29)*BO3)-($B$26*$B$27) -> -1.8070431 | BQ3: =MIN(BP3+MAX(BU14,0),$B$30) -> 33.933332 | BR3: =(Data!BX32) -> 339.05215 | BS3: =IF(COUNTIF($A$37:$A$40,$A3)>0,BR3/30,IF(COUNTIF($B$37:$B$43,$A3)>0,BR3/31,IF(OR(MOD(BR$1,4)=0,BR$1=2000),BR3/29,BR3/28))) -> 10.937166 | BT3: =($B$28/1000*(1-$B$29)*BS3)-($B$26*$B$27) -> 5.8061885 | BU3: =MIN(BT3+MAX(BY14,0),$B$30) -> 28.377894 | BV3: =(Data!CB32) -> 64.586034 | BW3: =IF(COUNTIF($A$37:$A$40,$A3)>0,BV3/30,IF(COUNTIF($B$37:$B$43,$A3)>0,BV3/31,IF(OR(MOD(BV$1,4)=0,BV$1=2000),BV3/29,BV3/28))) -> 2.0834204 | BX3: =($B$28/1000*(1-$B$29)*BW3)-($B$26*$B$27) -> -6.1795696 | BY3: =MIN(BX3+MAX(CC14,0),$B$30) -> -6.1795696 | BZ3: =(Data!CF32) -> 189.38933 | CA3: =IF(COUNTIF($A$37:$A$40,$A3)>0,BZ3/30,IF(COUNTIF($B$37:$B$43,$A3)>0,BZ3/31,IF(OR(MOD(BZ$1,4)=0,BZ$1=2000),BZ3/29,BZ3/28))) -> 6.1093331 | CB3: =($B$28/1000*(1-$B$29)*CA3)-($B$26*$B$27) -> -0.7294903 | CC3: =MIN(CB3+MAX(CG14,0),$B$30) -> -0.70482306 | CD3: =(Data!CJ32) -> 42.130755 | CE3: =IF(COUNTIF($A$37:$A$40,$A3)>0,CD3/30,IF(COUNTIF($B$37:$B$43,$A3)>0,CD3/31,IF(OR(MOD(CD$1,4)=0,CD$1=2000),CD3/29,CD3/28))) -> 1.3590566 | CF3: =($B$28/1000*(1-$B$29)*CE3)-($B$26*$B$27) -> -7.1601771 | CG3: =MIN(CF3+MAX(CK14,0),$B$30) -> -7.1601771 | CH3: =(Data!CN32) -> 81.117788 | CI3: =IF(COUNTIF($A$37:$A$40,$A3)>0,CH3/30,IF(COUNTIF($B$37:$B$43,$A3)>0,CH3/31,IF(OR(MOD(CH$1,4)=0,CH$1=2000),CH3/29,CH3/28))) -> 2.6167028 | CJ3: =($B$28/1000*(1-$B$29)*CI3)-($B$26*$B$27) -> -5.4576385 | CK3: =MIN(CJ3+MAX(CO14,0),$B$30) -> -5.4576385 | CL3: =(Data!CR32) -> 93.198434 | CM3: =IF(COUNTIF($A$37:$A$40,$A3)>0,CL3/30,IF(COUNTIF($B$37:$B$43,$A3)>0,CL3/31,IF(OR(MOD(CL$1,4)=0,CL$1=2000),CL3/29,CL3/28))) -> 3.0064011 | CN3: =($B$28/1000*(1-$B$29)*CM3)-($B$26*$B$27) -> -4.9300845 | CO3: =MIN(CN3+MAX(CS14,0),$B$30) -> -1.9561994 | CP3: =(Data!CV32) -> 84.145913 | CQ3: =IF(COUNTIF($A$37:$A$40,$A3)>0,CP3/30,IF(COUNTIF($B$37:$B$43,$A3)>0,CP3/31,IF(OR(MOD(CP$1,4)=0,CP$1=2000),CP3/29,CP3/28))) -> 2.7143843 | CR3: =($B$28/1000*(1-$B$29)*CQ3)-($B$26*$B$27) -> -5.3254023 | CS3: =MIN(CR3+MAX(CW14,0),$B$30) -> -5.3254023 | CT3: =(Data!CZ32) -> 45.339696 | CU3: =IF(COUNTIF($A$37:$A$40,$A3)>0,CT3/30,IF(COUNTIF($B$37:$B$43,$A3)>0,CT3/31,IF(OR(MOD(CT$1,4)=0,CT$1=2000),CT3/29,CT3/28))) -> 1.4625708 | CV3: =($B$28/1000*(1-$B$29)*CU3)-($B$26*$B$27) -> -7.0200447 | CW3: =MIN(CV3+MAX(DA14,0),$B$30) -> -7.0200447 | CX3: =(Data!DD32) -> 140.43224 | CY3: =IF(COUNTIF($A$37:$A$40,$A3)>0,CX3/30,IF(COUNTIF($B$37:$B$43,$A3)>0,CX3/31,IF(OR(MOD(CX$1,4)=0,CX$1=2000),CX3/29,CX3/28))) -> 4.5300721 | CZ3: =($B$28/1000*(1-$B$29)*CY3)-($B$26*$B$27) -> -2.8674149 | DA3: =B30 -> 50
A4: February | B4: =IF(AND(MOD(B1,4)=0,MOD(B1,100)<>0),Data!H61/29,Data!H60/28)*28 -> 473.6926 | C4: =IF(COUNTIF($A$37:$A$40,A4)>0,B4/30,IF(COUNTIF($B$37:$B$43,A4)>0,B4/31,IF(OR(MOD(B$1,4)=0,B$1=2000),B4/29,B4/28))) -> 16.917593 | D4: =($B$28/1000*(1-$B$29)*C4)-($B$26*$B$27) -> 13.902191 | E4: =MIN(D4+MAX(E3,0),$B$30) -> 50 | F4: =IF(AND(MOD(F1,4)=0,MOD(F1,100)<>0),Data!L61/29,Data!L60/28)*28 -> 203.86815 | G4: =IF(COUNTIF($A$37:$A$40,$A4)>0,F4/30,IF(COUNTIF($B$37:$B$43,$A4)>0,F4/31,IF(OR(MOD(F$1,4)=0,F$1=2000),F4/29,F4/28))) -> 7.0299363 | H4: =($B$28/1000*(1-$B$29)*G4)-($B$26*$B$27) -> 0.5167763 | I4: =MIN(H4+MAX(I3,0),$B$30) -> 44.020484 | J4: =IF(AND(MOD(J1,4)=0,MOD(J1,100)<>0),Data!P61/29,Data!P60/28)*28 -> 189.90507 | K4: =IF(COUNTIF($A$37:$A$40,$A4)>0,J4/30,IF(COUNTIF($B$37:$B$43,$A4)>0,J4/31,IF(OR(MOD(J$1,4)=0,J$1=2000),J4/29,J4/28))) -> 6.7823238 | L4: =($B$28/1000*(1-$B$29)*K4)-($B$26*$B$27) -> 0.18157084 | M4: =MIN(L4+MAX(M3,0),$B$30) -> 35.093208 | N4: =IF(AND(MOD(N1,4)=0,MOD(N1,100)<>0),Data!T61/29,Data!T60/28)*28 -> 201.03551 | O4: =IF(COUNTIF($A$37:$A$40,$A4)>0,N4/30,IF(COUNTIF($B$37:$B$43,$A4)>0,N4/31,IF(OR(MOD(N$1,4)=0,N$1=2000),N4/29,N4/28))) -> 7.1798397 | P4: =($B$28/1000*(1-$B$29)*O4)-($B$26*$B$27) -> 0.71970805 | Q4: =MIN(P4+MAX(Q3,0),$B$30) -> 5.680346 | R4: =IF(AND(MOD(R1,4)=0,MOD(R1,100)<>0),Data!X61/29,Data!X60/28)*28 -> 187.83986 | S4: =IF(COUNTIF($A$37:$A$40,$A4)>0,R4/30,IF(COUNTIF($B$37:$B$43,$A4)>0,R4/31,IF(OR(MOD(R$1,4)=0,R$1=2000),R4/29,R4/28))) -> 6.7085664 | T4: =($B$28/1000*(1-$B$29)*S4)-($B$26*$B$27) -> 0.081721749 | U4: =MIN(T4+MAX(U3,0),$B$30) -> 0.92490935 | V4: =IF(AND(MOD(V1,4)=0,MOD(V1,100)<>0),Data!AB61/29,Data!AB60/28)*28 -> 118.20546 | W4: =IF(COUNTIF($A$37:$A$40,$A4)>0,V4/30,IF(COUNTIF($B$37:$B$43,$A4)>0,V4/31,IF(OR(MOD(V$1,4)=0,V$1=2000),V4/29,V4/28))) -> 4.0760503 | X4: =($B$28/1000*(1-$B$29)*W4)-($B$26*$B$27) -> -3.4820469 | Y4: =MIN(X4+MAX(Y3,0),$B$30) -> 5.9363793 | Z4: =IF(AND(MOD(Z1,4)=0,MOD(Z1,100)<>0),Data!AF61/29,Data!AF60/28)*28 -> 244.68936 | AA4: =IF(COUNTIF($A$37:$A$40,$A4)>0,Z4/30,IF(COUNTIF($B$37:$B$43,$A4)>0,Z4/31,IF(OR(MOD(Z$1,4)=0,Z$1=2000),Z4/29,Z4/28))) -> 8.7389057 | AB4: =($B$28/1000*(1-$B$29)*AA4)-($B$26*$B$27) -> 2.8302936 | AC4: =MIN(AB4+MAX(AC3,0),$B$30) -> 23.171892 | AD4: =IF(AND(MOD(AD1,4)=0,MOD(AD1,100)<>0),Data!AJ61/29,Data!AJ60/28)*28 -> 151.30771 | AE4: =IF(COUNTIF($A$37:$A$40,$A4)>0,AD4/30,IF(COUNTIF($B$37:$B$43,$A4)>0,AD4/31,IF(OR(MOD(AD$1,4)=0,AD$1=2000),AD4/29,AD4/28))) -> 5.4038467 | AF4: =($B$28/1000*(1-$B$29)*AE4)-($B$26*$B$27) -> -1.6845425 | AG4: =MIN(AF4+MAX(AG3,0),$B$30) -> 26.054515 | AH4: =IF(AND(MOD(AH1,4)=0,MOD(AH1,100)<>0),Data!AN61/29,Data!AN60/28)*28 -> 265.75524 | AI4: =IF(COUNTIF($A$37:$A$40,$A4)>0,AH4/30,IF(COUNTIF($B$37:$B$43,$A4)>0,AH4/31,IF(OR(MOD(AH$1,4)=0,AH$1=2000),AH4/29,AH4/28))) -> 9.4912585 | AJ4: =($B$28/1000*(1-$B$29)*AI4)-($B$26*$B$27) -> 3.8487911 | AK4: =MIN(AJ4+MAX(AK3,0),$B$30) -> 50 | AL4: =IF(AND(MOD(AL1,4)=0,MOD(AL1,100)<>0),Data!AR61/29,Data!AR60/28)*28 -> 248.91863 | AM4: =IF(COUNTIF($A$37:$A$40,$A4)>0,AL4/30,IF(COUNTIF($B$37:$B$43,$A4)>0,AL4/31,IF(OR(MOD(AL$1,4)=0,AL$1=2000),AL4/29,AL4/28))) -> 8.5834011 | AN4: =($B$28/1000*(1-$B$29)*AM4)-($B$26*$B$27) -> 2.6197793 | AO4: =MIN(AN4+MAX(AO3,0),$B$30) -> 50 | AP4: =IF(AND(MOD(AP1,4)=0,MOD(AP1,100)<>0),Data!AV61/29,Data!AV60/28)*28 -> 338.40499 | AQ4: =IF(COUNTIF($A$37:$A$40,$A4)>0,AP4/30,IF(COUNTIF($B$37:$B$43,$A4)>0,AP4/31,IF(OR(MOD(AP$1,4)=0,AP$1=2000),AP4/29,AP4/28))) -> 12.085892 | AR4: =($B$28/1000*(1-$B$29)*AQ4)-($B$26*$B$27) -> 7.3612768 | AS4: =MIN(AR4+MAX(AS3,0),$B$30) -> 49.788534 | AT4: =IF(AND(MOD(AT1,4)=0,MOD(AT1,100)<>0),Data!AZ61/29,Data!AZ60/28)*28 -> 187.61977 | AU4: =IF(COUNTIF($A$37:$A$40,$A4)>0,AT4/30,IF(COUNTIF($B$37:$B$43,$A4)>0,AT4/31,IF(OR(MOD(AT$1,4)=0,AT$1=2000),AT4/29,AT4/28))) -> 6.7007061 | AV4: =($B$28/1000*(1-$B$29)*AU4)-($B$26*$B$27) -> 0.071080891 | AW4: =MIN(AV4+MAX(AW3,0),$B$30) -> 45.629401 | AX4: =IF(AND(MOD(AX1,4)=0,MOD(AX1,100)<>0),Data!BD61/29,Data!BD60/28)*28 -> 255.02373 | AY4: =IF(COUNTIF($A$37:$A$40,$A4)>0,AX4/30,IF(COUNTIF($B$37:$B$43,$A4)>0,AX4/31,IF(OR(MOD(AX$1,4)=0,AX$1=2000),AX4/29,AX4/28))) -> 9.1079902 | AZ4: =($B$28/1000*(1-$B$29)*AY4)-($B$26*$B$27) -> 3.3299418 | BA4: =MIN(AZ4+MAX(BA3,0),$B$30) -> 50 | BB4: =IF(MOD(BB1,4)=0,Data!BH61/29,Data!BH60/28)*28 -> 328.11958 | BC4: =IF(COUNTIF($A$37:$A$40,$A4)>0,BB4/30,IF(COUNTIF($B$37:$B$43,$A4)>0,BB4/31,IF(OR(MOD(BB$1,4)=0,BB$1=2000),BB4/29,BB4/28))) -> 11.314468 | BD4: =($B$28/1000*(1-$B$29)*BC4)-($B$26*$B$27) -> 6.3169616 | BE4: =MIN(BD4+MAX(BE3,0),$B$30) -> 41.822416 | BF4: =IF(AND(MOD(BF1,4)=0,MOD(BF1,100)<>0),Data!BL61/29,Data!BL60/28)*28 -> 216.31533 | BG4: =IF(COUNTIF($A$37:$A$40,$A4)>0,BF4/30,IF(COUNTIF($B$37:$B$43,$A4)>0,BF4/31,IF(OR(MOD(BF$1,4)=0,BF$1=2000),BF4/29,BF4/28))) -> 7.7255476 | BH4: =($B$28/1000*(1-$B$29)*BG4)-($B$26*$B$27) -> 1.4584601 | BI4: =MIN(BH4+MAX(BI3,0),$B$30) -> 13.160966 | BJ4: =IF(AND(MOD(BJ1,4)=0,MOD(BJ1,100)<>0),Data!BP61/29,Data!BP60/28)*28 -> 194.77711 | BK4: =IF(COUNTIF($A$37:$A$40,$A4)>0,BJ4/30,IF(COUNTIF($B$37:$B$43,$A4)>0,BJ4/31,IF(OR(MOD(BJ$1,4)=0,BJ$1=2000),BJ4/29,BJ4/28))) -> 6.9563253 | BL4: =($B$28/1000*(1-$B$29)*BK4)-($B$26*$B$27) -> 0.4171254 | BM4: =MIN(BL4+MAX(BM3,0),$B$30) -> 29.900971 | BN4: =IF(AND(MOD(BN1,4)=0,MOD(BN1,100)<>0),Data!BT61/29,Data!BT60/28)*28 -> 335.80463 | BO4: =IF(COUNTIF($A$37:$A$40,$A4)>0,BN4/30,IF(COUNTIF($B$37:$B$43,$A4)>0,BN4/31,IF(OR(MOD(BN$1,4)=0,BN$1=2000),BN4/29,BN4/28))) -> 11.993022 | BP4: =($B$28/1000*(1-$B$29)*BO4)-($B$26*$B$27) -> 7.235554 | BQ4: =MIN(BP4+MAX(BQ3,0),$B$30) -> 41.168886 | BR4: =IF(AND(MOD(BR1,4)=0,MOD(BR1,100)<>0),Data!BX61/29,Data!BX60/28)*28 -> 385.60687 | BS4: =IF(COUNTIF($A$37:$A$40,$A4)>0,BR4/30,IF(COUNTIF($B$37:$B$43,$A4)>0,BR4/31,IF(OR(MOD(BR$1,4)=0,BR$1=2000),BR4/29,BR4/28))) -> 13.296789 | BT4: =($B$28/1000*(1-$B$29)*BS4)-($B$26*$B$27) -> 9.0005276 | BU4: =MIN(BT4+MAX(BU3,0),$B$30) -> 37.378422 | BV4: =IF(AND(MOD(BV1,4)=0,MOD(BV1,100)<>0),Data!CB61/29,Data!CB60/28)*28 -> 13.024874 | BW4: =IF(COUNTIF($A$37:$A$40,$A4)>0,BV4/30,IF(COUNTIF($B$37:$B$43,$A4)>0,BV4/31,IF(OR(MOD(BV$1,4)=0,BV$1=2000),BV4/29,BV4/28))) -> 0.46517406 | BX4: =($B$28/1000*(1-$B$29)*BW4)-($B$26*$B$27) -> -8.3702706 | BY4: =MIN(BX4+MAX(BY3,0),$B$30) -> -8.3702706 | BZ4: =IF(AND(MOD(BZ1,4)=0,MOD(BZ1,100)<>0),Data!CF61/29,Data!CF60/28)*28 -> 289.22687 | CA4: =IF(COUNTIF($A$37:$A$40,$A4)>0,BZ4/30,IF(COUNTIF($B$37:$B$43,$A4)>0,BZ4/31,IF(OR(MOD(BZ$1,4)=0,BZ$1=2000),BZ4/29,BZ4/28))) -> 10.329531 | CB4: =($B$28/1000*(1-$B$29)*CA4)-($B$26*$B$27) -> 4.9836026 | CC4: =MIN(CB4+MAX(CC3,0),$B$30) -> 4.9836026 | CD4: =IF(AND(MOD(CD1,4)=0,MOD(CD1,100)<>0),Data!CJ61/29,Data!CJ60/28)*28 -> 50.044815 | CE4: =IF(COUNTIF($A$37:$A$40,$A4)>0,CD4/30,IF(COUNTIF($B$37:$B$43,$A4)>0,CD4/31,IF(OR(MOD(CD$1,4)=0,CD$1=2000),CD4/29,CD4/28))) -> 1.7873148 | CF4: =($B$28/1000*(1-$B$29)*CE4)-($B$26*$B$27) -> -6.5804226 | CG4: =MIN(CF4+MAX(CG3,0),$B$30) -> -6.5804226 | CH4: =IF(AND(MOD(CH1,4)=0,MOD(CH1,100)<>0),Data!CN61/29,Data!CN60/28)*28 -> 82.443921 | CI4: =IF(COUNTIF($A$37:$A$40,$A4)>0,CH4/30,IF(COUNTIF($B$37:$B$43,$A4)>0,CH4/31,IF(OR(MOD(CH$1,4)=0,CH$1=2000),CH4/29,CH4/28))) -> 2.8428938 | CJ4: =($B$28/1000*(1-$B$29)*CI4)-($B$26*$B$27) -> -5.1514325 | CK4: =MIN(CJ4+MAX(CK3,0),$B$30) -> -5.1514325 | CL4: =IF(AND(MOD(CL1,4)=0,MOD(CL1,100)<>0),Data!CR61/29,Data!CR60/28)*28 -> 126.75201 | CM4: =IF(COUNTIF($A$37:$A$40,$A4)>0,CL4/30,IF(COUNTIF($B$37:$B$43,$A4)>0,CL4/31,IF(OR(MOD(CL$1,4)=0,CL$1=2000),CL4/29,CL4/28))) -> 4.5268575 | CN4: =($B$28/1000*(1-$B$29)*CM4)-($B$26*$B$27) -> -2.8717666 | CO4: =MIN(CN4+MAX(CO3,0),$B$30) -> -2.8717666 | CP4: =IF(AND(MOD(CP1,4)=0,MOD(CP1,100)<>0),Data!CV61/29,Data!CV60/28)*28 -> 92.893645 | CQ4: =IF(COUNTIF($A$37:$A$40,$A4)>0,CP4/30,IF(COUNTIF($B$37:$B$43,$A4)>0,CP4/31,IF(OR(MOD(CP$1,4)=0,CP$1=2000),CP4/29,CP4/28))) -> 3.3176302 | CR4: =($B$28/1000*(1-$B$29)*CQ4)-($B$26*$B$27) -> -4.5087581 | CS4: =MIN(CR4+MAX(CS3,0),$B$30) -> -4.5087581 | CT4: =IF(AND(MOD(CT1,4)=0,MOD(CT1,100)<>0),Data!CZ61/29,Data!CZ60/28)*28 -> 60.923591 | CU4: =IF(COUNTIF($A$37:$A$40,$A4)>0,CT4/30,IF(COUNTIF($B$37:$B$43,$A4)>0,CT4/31,IF(OR(MOD(CT$1,4)=0,CT$1=2000),CT4/29,CT4/28))) -> 2.1758425 | CV4: =($B$28/1000*(1-$B$29)*CU4)-($B$26*$B$27) -> -6.0544532 | CW4: =MIN(CV4+MAX(CW3,0),$B$30) -> -6.0544532 | CX4: =IF(AND(MOD(CX1,4)=0,MOD(CX1,100)<>0),Data!DD61/29,Data!DD60/28)*28 -> 159.76772 | CY4: =IF(COUNTIF($A$37:$A$40,$A4)>0,CX4/30,IF(COUNTIF($B$37:$B$43,$A4)>0,CX4/31,IF(OR(MOD(CX$1,4)=0,CX$1=2000),CX4/29,CX4/28))) -> 5.5092318 | CZ4: =($B$28/1000*(1-$B$29)*CY4)-($B$26*$B$27) -> -1.5418774 | DA4: =MIN(CZ4+MAX(DA3,0),$B$30) -> 48.458123
A5: March | B5: =Data!H92 -> 362.82859 | C5: =IF(COUNTIF($A$37:$A$40,A5)>0,B5/30,IF(COUNTIF($B$37:$B$43,A5)>0,B5/31,IF(OR(MOD(B$1,4)=0,B$1=2000),B5/29,B5/28))) -> 11.704148 | D5: =($B$28/1000*(1-$B$29)*C5)-($B$26*$B$27) -> 6.8444905 | E5: =MIN(D5+MAX(E4,0),$B$30) -> 50 | F5: =Data!L92 -> 170.77552 | G5: =IF(COUNTIF($A$37:$A$40,$A5)>0,F5/30,IF(COUNTIF($B$37:$B$43,$A5)>0,F5/31,IF(OR(MOD(F$1,4)=0,F$1=2000),F5/29,F5/28))) -> 5.5088878 | H5: =($B$28/1000*(1-$B$29)*G5)-($B$26*$B$27) -> -1.5423432 | I5: =MIN(H5+MAX(I4,0),$B$30) -> 42.478141 | J5: =Data!P92 -> 339.71579 | K5: =IF(COUNTIF($A$37:$A$40,$A5)>0,J5/30,IF(COUNTIF($B$37:$B$43,$A5)>0,J5/31,IF(OR(MOD(J$1,4)=0,J$1=2000),J5/29,J5/28))) -> 10.958574 | L5: =($B$28/1000*(1-$B$29)*K5)-($B$26*$B$27) -> 5.8351692 | M5: =MIN(L5+MAX(M4,0),$B$30) -> 40.928377 | N5: =Data!T92 -> 526.06602 | O5: =IF(COUNTIF($A$37:$A$40,$A5)>0,N5/30,IF(COUNTIF($B$37:$B$43,$A5)>0,N5/31,IF(OR(MOD(N$1,4)=0,N$1=2000),N5/29,N5/28))) -> 16.969872 | P5: =($B$28/1000*(1-$B$29)*O5)-($B$26*$B$27) -> 13.972964 | Q5: =MIN(P5+MAX(Q4,0),$B$30) -> 19.65331 | R5: =Data!X92 -> 332.83493 | S5: =IF(COUNTIF($A$37:$A$40,$A5)>0,R5/30,IF(COUNTIF($B$37:$B$43,$A5)>0,R5/31,IF(OR(MOD(R$1,4)=0,R$1=2000),R5/29,R5/28))) -> 10.736611 | T5: =($B$28/1000*(1-$B$29)*S5)-($B$26*$B$27) -> 5.5346866 | U5: =MIN(T5+MAX(U4,0),$B$30) -> 6.4595959 | V5: =Data!AB92 -> 85.072437 | W5: =IF(COUNTIF($A$37:$A$40,$A5)>0,V5/30,IF(COUNTIF($B$37:$B$43,$A5)>0,V5/31,IF(OR(MOD(V$1,4)=0,V$1=2000),V5/29,V5/28))) -> 2.7442722 | X5: =($B$28/1000*(1-$B$29)*W5)-($B$26*$B$27) -> -5.2849416 | Y5: =MIN(X5+MAX(Y4,0),$B$30) -> 0.65143775 | Z5: =Data!AF92 -> 228.44741 | AA5: =IF(COUNTIF($A$37:$A$40,$A5)>0,Z5/30,IF(COUNTIF($B$37:$B$43,$A5)>0,Z5/31,IF(OR(MOD(Z$1,4)=0,Z$1=2000),Z5/29,Z5/28))) -> 7.3692713 | AB5: =($B$28/1000*(1-$B$29)*AA5)-($B$26*$B$27) -> 0.97615101 | AC5: =MIN(AB5+MAX(AC4,0),$B$30) -> 24.148043 | AD5: =Data!AJ92 -> 369.09332 | AE5: =IF(COUNTIF($A$37:$A$40,$A5)>0,AD5/30,IF(COUNTIF($B$37:$B$43,$A5)>0,AD5/31,IF(OR(MOD(AD$1,4)=0,AD$1=2000),AD5/29,AD5/28))) -> 11.906236 | AF5: =($B$28/1000*(1-$B$29)*AE5)-($B$26*$B$27) -> 7.1180672 | AG5: =MIN(AF5+MAX(AG4,0),$B$30) -> 33.172582 | AH5: =Data!AN92 -> 266.29856 | AI5: =IF(COUNTIF($A$37:$A$40,$A5)>0,AH5/30,IF(COUNTIF($B$37:$B$43,$A5)>0,AH5/31,IF(OR(MOD(AH$1,4)=0,AH$1=2000),AH5/29,AH5/28))) -> 8.5902761 | AJ5: =($B$28/1000*(1-$B$29)*AI5)-($B$26*$B$27) -> 2.6290863 | AK5: =MIN(AJ5+MAX(AK4,0),$B$30) -> 50 | AL5: =Data!AR92 -> 404.86294 | AM5: =IF(COUNTIF($A$37:$A$40,$A5)>0,AL5/30,IF(COUNTIF($B$37:$B$43,$A5)>0,AL5/31,IF(OR(MOD(AL$1,4)=0,AL$1=2000),AL5/29,AL5/28))) -> 13.060095 | AN5: =($B$28/1000*(1-$B$29)*AM5)-($B$26*$B$27) -> 8.6801033 | AO5: =MIN(AN5+MAX(AO4,0),$B$30) -> 50 | AP5: =Data!AV92 -> 343.18048 | AQ5: =IF(COUNTIF($A$37:$A$40,$A5)>0,AP5/30,IF(COUNTIF($B$37:$B$43,$A5)>0,AP5/31,IF(OR(MOD(AP$1,4)=0,AP$1=2000),AP5/29,AP5/28))) -> 11.070338 | AR5: =($B$28/1000*(1-$B$29)*AQ5)-($B$26*$B$27) -> 5.9864702 | AS5: =MIN(AR5+MAX(AS4,0),$B$30) -> 50 | AT5: =Data!AZ92 -> 131.02077 | AU5: =IF(COUNTIF($A$37:$A$40,$A5)>0,AT5/30,IF(COUNTIF($B$37:$B$43,$A5)>0,AT5/31,IF(OR(MOD(AT$1,4)=0,AT$1=2000),AT5/29,AT5/28))) -> 4.2264765 | AV5: =($B$28/1000*(1-$B$29)*AU5)-($B$26*$B$27) -> -3.2784074 | AW5: =MIN(AV5+MAX(AW4,0),$B$30) -> 42.350994 | AX5: =Data!BD92 -> 184.63656 | AY5: =IF(COUNTIF($A$37:$A$40,$A5)>0,AX5/30,IF(COUNTIF($B$37:$B$43,$A5)>0,AX5/31,IF(OR(MOD(AX$1,4)=0,AX$1=2000),AX5/29,AX5/28))) -> 5.956018 | AZ5: =($B$28/1000*(1-$B$29)*AY5)-($B$26*$B$27) -> -0.93704059 | BA5: =MIN(AZ5+MAX(BA4,0),$B$30) -> 49.062959 | BB5: =Data!BH92 -> 450.96479 | BC5: =IF(COUNTIF($A$37:$A$40,$A5)>0,BB5/30,IF(COUNTIF($B$37:$B$43,$A5)>0,BB5/31,IF(OR(MOD(BB$1,4)=0,BB$1=2000),BB5/29,BB5/28))) -> 14.547251 | BD5: =($B$28/1000*(1-$B$29)*BC5)-($B$26*$B$27) -> 10.693341 | BE5: =MIN(BD5+MAX(BE4,0),$B$30) -> 50 | BF5: =Data!BL92 -> 237.65331 | BG5: =IF(COUNTIF($A$37:$A$40,$A5)>0,BF5/30,IF(COUNTIF($B$37:$B$43,$A5)>0,BF5/31,IF(OR(MOD(BF$1,4)=0,BF$1=2000),BF5/29,BF5/28))) -> 7.6662357 | BH5: =($B$28/1000*(1-$B$29)*BG5)-($B$26*$B$27) -> 1.3781666 | BI5: =MIN(BH5+MAX(BI4,0),$B$30) -> 14.539132 | BJ5: =Data!BP92 -> 153.76383 | BK5: =IF(COUNTIF($A$37:$A$40,$A5)>0,BJ5/30,IF(COUNTIF($B$37:$B$43,$A5)>0,BJ5/31,IF(OR(MOD(BJ$1,4)=0,BJ$1=2000),BJ5/29,BJ5/28))) -> 4.9601236 | BL5: =($B$28/1000*(1-$B$29)*BK5)-($B$26*$B$27) -> -2.2852327 | BM5: =MIN(BL5+MAX(BM4,0),$B$30) -> 27.615738 | BN5: =Data!BT92 -> 395.32456 | BO5: =IF(COUNTIF($A$37:$A$40,$A5)>0,BN5/30,IF(COUNTIF($B$37:$B$43,$A5)>0,BN5/31,IF(OR(MOD(BN$1,4)=0,BN$1=2000),BN5/29,BN5/28))) -> 12.752405 | BP5: =($B$28/1000*(1-$B$29)*BO5)-($B$26*$B$27) -> 8.2635686 | BQ5: =MIN(BP5+MAX(BQ4,0),$B$30) -> 49.432455 | BR5: =Data!BX92 -> 217.07191 | BS5: =IF(COUNTIF($A$37:$A$40,$A5)>0,BR5/30,IF(COUNTIF($B$37:$B$43,$A5)>0,BR5/31,IF(OR(MOD(BR$1,4)=0,BR$1=2000),BR5/29,BR5/28))) -> 7.0023196 | BT5: =($B$28/1000*(1-$B$29)*BS5)-($B$26*$B$27) -> 0.4793902 | BU5: =MIN(BT5+MAX(BU4,0),$B$30) -> 37.857812 | BV5: =Data!CB92 -> 72.297738 | BW5: =IF(COUNTIF($A$37:$A$40,$A5)>0,BV5/30,IF(COUNTIF($B$37:$B$43,$A5)>0,BV5/31,IF(OR(MOD(BV$1,4)=0,BV$1=2000),BV5/29,BV5/28))) -> 2.3321851 | BX5: =($B$28/1000*(1-$B$29)*BW5)-($B$26*$B$27) -> -5.8428044 | BY5: =MIN(BX5+MAX(BY4,0),$B$30) -> -5.8428044 | BZ5: =Data!CF92 -> 233.17317 | CA5: =IF(COUNTIF($A$37:$A$40,$A5)>0,BZ5/30,IF(COUNTIF($B$37:$B$43,$A5)>0,BZ5/31,IF(OR(MOD(BZ$1,4)=0,BZ$1=2000),BZ5/29,BZ5/28))) -> 7.5217151 | CB5: =($B$28/1000*(1-$B$29)*CA5)-($B$26*$B$27) -> 1.1825218 | CC5: =MIN(CB5+MAX(CC4,0),$B$30) -> 6.1661244 | CD5: =Data!CJ92 -> 120.54044 | CE5: =IF(COUNTIF($A$37:$A$40,$A5)>0,CD5/30,IF(COUNTIF($B$37:$B$43,$A5)>0,CD5/31,IF(OR(MOD(CD$1,4)=0,CD$1=2000),CD5/29,CD5/28))) -> 3.8884013 | CF5: =($B$28/1000*(1-$B$29)*CE5)-($B$26*$B$27) -> -3.7360767 | CG5: =MIN(CF5+MAX(CG4,0),$B$30) -> -3.7360767 | CH5: =Data!CN92 -> 168.0647 | CI5: =IF(COUNTIF($A$37:$A$40,$A5)>0,CH5/30,IF(COUNTIF($B$37:$B$43,$A5)>0,CH5/31,IF(OR(MOD(CH$1,4)=0,CH$1=2000),CH5/29,CH5/28))) -> 5.4214418 | CJ5: =($B$28/1000*(1-$B$29)*CI5)-($B$26*$B$27) -> -1.6607232 | CK5: =MIN(CJ5+MAX(CK4,0),$B$30) -> -1.6607232 | CL5: =Data!CR92 -> 214.02767 | CM5: =IF(COUNTIF($A$37:$A$40,$A5)>0,CL5/30,IF(COUNTIF($B$37:$B$43,$A5)>0,CL5/31,IF(OR(MOD(CL$1,4)=0,CL$1=2000),CL5/29,CL5/28))) -> 6.9041184 | CN5: =($B$28/1000*(1-$B$29)*CM5)-($B$26*$B$27) -> 0.34645028 | CO5: =MIN(CN5+MAX(CO4,0),$B$30) -> 0.34645028 | CP5: =Data!CV92 -> 189.10786 | CQ5: =IF(COUNTIF($A$37:$A$40,$A5)>0,CP5/30,IF(COUNTIF($B$37:$B$43,$A5)>0,CP5/31,IF(OR(MOD(CP$1,4)=0,CP$1=2000),CP5/29,CP5/28))) -> 6.1002536 | CR5: =($B$28/1000*(1-$B$29)*CQ5)-($B$26*$B$27) -> -0.74178168 | CS5: =MIN(CR5+MAX(CS4,0),$B$30) -> -0.74178168 | CT5: =Data!CZ92 -> 40.649052 | CU5: =IF(COUNTIF($A$37:$A$40,$A5)>0,CT5/30,IF(COUNTIF($B$37:$B$43,$A5)>0,CT5/31,IF(OR(MOD(CT$1,4)=0,CT$1=2000),CT5/29,CT5/28))) -> 1.3112597 | CV5: =($B$28/1000*(1-$B$29)*CU5)-($B$26*$B$27) -> -7.2248821 | CW5: =MIN(CV5+MAX(CW4,0),$B$30) -> -7.2248821 | CX5: =Data!DD92 -> 84.090812 | CY5: =IF(COUNTIF($A$37:$A$40,$A5)>0,CX5/30,IF(COUNTIF($B$37:$B$43,$A5)>0,CX5/31,IF(OR(MOD(CX$1,4)=0,CX$1=2000),CX5/29,CX5/28))) -> 2.7126068 | CZ5: =($B$28/1000*(1-$B$29)*CY5)-($B$26*$B$27) -> -5.3278085 | DA5: =MIN(CZ5+MAX(DA4,0),$B$30) -> 43.130314
A6: April | B6: =Data!H122 -> 295.42247 | C6: =IF(COUNTIF($A$37:$A$40,A6)>0,B6/30,IF(COUNTIF($B$37:$B$43,A6)>0,B6/31,IF(OR(MOD(B$1,4)=0,B$1=2000),B6/29,B6/28))) -> 9.8474158 | D6: =($B$28/1000*(1-$B$29)*C6)-($B$26*$B$27) -> 4.3309391 | E6: =MIN(D6+MAX(E5,0),$B$30) -> 50 | F6: =Data!L122 -> 247.09956 | G6: =IF(COUNTIF($A$37:$A$40,$A6)>0,F6/30,IF(COUNTIF($B$37:$B$43,$A6)>0,F6/31,IF(OR(MOD(F$1,4)=0,F$1=2000),F6/29,F6/28))) -> 8.2366519 | H6: =($B$28/1000*(1-$B$29)*G6)-($B$26*$B$27) -> 2.1503675 | I6: =MIN(H6+MAX(I5,0),$B$30) -> 44.628509 | J6: =Data!P122 -> 490.59445 | K6: =IF(COUNTIF($A$37:$A$40,$A6)>0,J6/30,IF(COUNTIF($B$37:$B$43,$A6)>0,J6/31,IF(OR(MOD(J$1,4)=0,J$1=2000),J6/29,J6/28))) -> 16.353148 | L6: =($B$28/1000*(1-$B$29)*K6)-($B$26*$B$27) -> 13.138075 | M6: =MIN(L6+MAX(M5,0),$B$30) -> 50 | N6: =Data!T122 -> 351.9993 | O6: =IF(COUNTIF($A$37:$A$40,$A6)>0,N6/30,IF(COUNTIF($B$37:$B$43,$A6)>0,N6/31,IF(OR(MOD(N$1,4)=0,N$1=2000),N6/29,N6/28))) -> 11.73331 | P6: =($B$28/1000*(1-$B$29)*O6)-($B$26*$B$27) -> 6.8839682 | Q6: =MIN(P6+MAX(Q5,0),$B$30) -> 26.537278 | R6: =Data!X122 -> 242.83594 | S6: =IF(COUNTIF($A$37:$A$40,$A6)>0,R6/30,IF(COUNTIF($B$37:$B$43,$A6)>0,R6/31,IF(OR(MOD(R$1,4)=0,R$1=2000),R6/29,R6/28))) -> 8.0945312 | T6: =($B$28/1000*(1-$B$29)*S6)-($B$26*$B$27) -> 1.9579716 | U6: =MIN(T6+MAX(U5,0),$B$30) -> 8.4175675 | V6: =Data!AB122 -> 215.19445 | W6: =IF(COUNTIF($A$37:$A$40,$A6)>0,V6/30,IF(COUNTIF($B$37:$B$43,$A6)>0,V6/31,IF(OR(MOD(V$1,4)=0,V$1=2000),V6/29,V6/28))) -> 7.1731482 | X6: =($B$28/1000*(1-$B$29)*W6)-($B$26*$B$27) -> 0.71064944 | Y6: =MIN(X6+MAX(Y5,0),$B$30) -> 1.3620872 | Z6: =Data!AF122 -> 261.65037 | AA6: =IF(COUNTIF($A$37:$A$40,$A6)>0,Z6/30,IF(COUNTIF($B$37:$B$43,$A6)>0,Z6/31,IF(OR(MOD(Z$1,4)=0,Z$1=2000),Z6/29,Z6/28))) -> 8.7216789 | AB6: =($B$28/1000*(1-$B$29)*AA6)-($B$26*$B$27) -> 2.8069728 | AC6: =MIN(AB6+MAX(AC5,0),$B$30) -> 26.955016 | AD6: =Data!AJ122 -> 210.88913 | AE6: =IF(COUNTIF($A$37:$A$40,$A6)>0,AD6/30,IF(COUNTIF($B$37:$B$43,$A6)>0,AD6/31,IF(OR(MOD(AD$1,4)=0,AD$1=2000),AD6/29,AD6/28))) -> 7.0296377 | AF6: =($B$28/1000*(1-$B$29)*AE6)-($B$26*$B$27) -> 0.51637208 | AG6: =MIN(AF6+MAX(AG5,0),$B$30) -> 33.688954 | AH6: =Data!AN122 -> 173.58619 | AI6: =IF(COUNTIF($A$37:$A$40,$A6)>0,AH6/30,IF(COUNTIF($B$37:$B$43,$A6)>0,AH6/31,IF(OR(MOD(AH$1,4)=0,AH$1=2000),AH6/29,AH6/28))) -> 5.7862064 | AJ6: =($B$28/1000*(1-$B$29)*AI6)-($B$26*$B$27) -> -1.1669231 | AK6: =MIN(AJ6+MAX(AK5,0),$B$30) -> 48.833077 | AL6: =Data!AR122 -> 189.46246 | AM6: =IF(COUNTIF($A$37:$A$40,$A6)>0,AL6/30,IF(COUNTIF($B$37:$B$43,$A6)>0,AL6/31,IF(OR(MOD(AL$1,4)=0,AL$1=2000),AL6/29,AL6/28))) -> 6.3154154 | AN6: =($B$28/1000*(1-$B$29)*AM6)-($B$26*$B$27) -> -0.45050638 | AO6: =MIN(AN6+MAX(AO5,0),$B$30) -> 49.549494 | AP6: =Data!AV122 -> 372.6374 | AQ6: =IF(COUNTIF($A$37:$A$40,$A6)>0,AP6/30,IF(COUNTIF($B$37:$B$43,$A6)>0,AP6/31,IF(OR(MOD(AP$1,4)=0,AP$1=2000),AP6/29,AP6/28))) -> 12.421247 | AR6: =($B$28/1000*(1-$B$29)*AQ6)-($B$26*$B$27) -> 7.8152625 | AS6: =MIN(AR6+MAX(AS5,0),$B$30) -> 50 | AT6: =Data!AZ122 -> 37.95919 | AU6: =IF(COUNTIF($A$37:$A$40,$A6)>0,AT6/30,IF(COUNTIF($B$37:$B$43,$A6)>0,AT6/31,IF(OR(MOD(AT$1,4)=0,AT$1=2000),AT6/29,AT6/28))) -> 1.2653063 | AV6: =($B$28/1000*(1-$B$29)*AU6)-($B$26*$B$27) -> -7.2870916 | AW6: =MIN(AV6+MAX(AW5,0),$B$30) -> 35.063903 | AX6: =Data!BD122 -> 264.18182 | AY6: =IF(COUNTIF($A$37:$A$40,$A6)>0,AX6/30,IF(COUNTIF($B$37:$B$43,$A6)>0,AX6/31,IF(OR(MOD(AX$1,4)=0,AX$1=2000),AX6/29,AX6/28))) -> 8.8060607 | AZ6: =($B$28/1000*(1-$B$29)*AY6)-($B$26*$B$27) -> 2.9212046 | BA6: =MIN(AZ6+MAX(BA5,0),$B$30) -> 50 | BB6: =Data!BH122 -> 308.44553 | BC6: =IF(COUNTIF($A$37:$A$40,$A6)>0,BB6/30,IF(COUNTIF($B$37:$B$43,$A6)>0,BB6/31,IF(OR(MOD(BB$1,4)=0,BB$1=2000),BB6/29,BB6/28))) -> 10.281518 | BD6: =($B$28/1000*(1-$B$29)*BC6)-($B$26*$B$27) -> 4.9186045 | BE6: =MIN(BD6+MAX(BE5,0),$B$30) -> 50 | BF6: =Data!BL122 -> 443.05279 | BG6: =IF(COUNTIF($A$37:$A$40,$A6)>0,BF6/30,IF(COUNTIF($B$37:$B$43,$A6)>0,BF6/31,IF(OR(MOD(BF$1,4)=0,BF$1=2000),BF6/29,BF6/28))) -> 14.768426 | BH6: =($B$28/1000*(1-$B$29)*BG6)-($B$26*$B$27) -> 10.992757 | BI6: =MIN(BH6+MAX(BI5,0),$B$30) -> 25.53189 | BJ6: =Data!BP122 -> 252.60234 | BK6: =IF(COUNTIF($A$37:$A$40,$A6)>0,BJ6/30,IF(COUNTIF($B$37:$B$43,$A6)>0,BJ6/31,IF(OR(MOD(BJ$1,4)=0,BJ$1=2000),BJ6/29,BJ6/28))) -> 8.420078 | BL6: =($B$28/1000*(1-$B$29)*BK6)-($B$26*$B$27) -> 2.3986806 | BM6: =MIN(BL6+MAX(BM5,0),$B$30) -> 30.014419 | BN6: =Data!BT122 -> 218.93747 | BO6: =IF(COUNTIF($A$37:$A$40,$A6)>0,BN6/30,IF(COUNTIF($B$37:$B$43,$A6)>0,BN6/31,IF(OR(MOD(BN$1,4)=0,BN$1=2000),BN6/29,BN6/28))) -> 7.2979156 | BP6: =($B$28/1000*(1-$B$29)*BO6)-($B$26*$B$27) -> 0.87955326 | BQ6: =MIN(BP6+MAX(BQ5,0),$B$30) -> 50 | BR6: =Data!BX122 -> 391.3069 | BS6: =IF(COUNTIF($A$37:$A$40,$A6)>0,BR6/30,IF(COUNTIF($B$37:$B$43,$A6)>0,BR6/31,IF(OR(MOD(BR$1,4)=0,BR$1=2000),BR6/29,BR6/28))) -> 13.043563 | BT6: =($B$28/1000*(1-$B$29)*BS6)-($B$26*$B$27) -> 8.6577237 | BU6: =MIN(BT6+MAX(BU5,0),$B$30) -> 46.515536 | BV6: =Data!CB122 -> 64.304939 | BW6: =IF(COUNTIF($A$37:$A$40,$A6)>0,BV6/30,IF(COUNTIF($B$37:$B$43,$A6)>0,BV6/31,IF(OR(MOD(BV$1,4)=0,BV$1=2000),BV6/29,BV6/28))) -> 2.143498 | BX6: =($B$28/1000*(1-$B$29)*BW6)-($B$26*$B$27) -> -6.0982396 | BY6: =MIN(BX6+MAX(BY5,0),$B$30) -> -6.0982396 | BZ6: =Data!CF122 -> 359.33122 | CA6: =IF(COUNTIF($A$37:$A$40,$A6)>0,BZ6/30,IF(COUNTIF($B$37:$B$43,$A6)>0,BZ6/31,IF(OR(MOD(BZ$1,4)=0,BZ$1=2000),BZ6/29,BZ6/28))) -> 11.977707 | CB6: =($B$28/1000*(1-$B$29)*CA6)-($B$26*$B$27) -> 7.2148211 | CC6: =MIN(CB6+MAX(CC5,0),$B$30) -> 13.380945 | CD6: =Data!CJ122 -> 109.14915 | CE6: =IF(COUNTIF($A$37:$A$40,$A6)>0,CD6/30,IF(COUNTIF($B$37:$B$43,$A6)>0,CD6/31,IF(OR(MOD(CD$1,4)=0,CD$1=2000),CD6/29,CD6/28))) -> 3.6383049 | CF6: =($B$28/1000*(1-$B$29)*CE6)-($B$26*$B$27) -> -4.0746447 | CG6: =MIN(CF6+MAX(CG5,0),$B$30) -> -4.0746447 | CH6: =Data!CN122 -> 290.13174 | CI6: =IF(COUNTIF($A$37:$A$40,$A6)>0,CH6/30,IF(COUNTIF($B$37:$B$43,$A6)>0,CH6/31,IF(OR(MOD(CH$1,4)=0,CH$1=2000),CH6/29,CH6/28))) -> 9.6710578 | CJ6: =($B$28/1000*(1-$B$29)*CI6)-($B$26*$B$27) -> 4.0921945 | CK6: =MIN(CJ6+MAX(CK5,0),$B$30) -> 4.0921945 | CL6: =Data!CR122 -> 166.59353 | CM6: =IF(COUNTIF($A$37:$A$40,$A6)>0,CL6/30,IF(COUNTIF($B$37:$B$43,$A6)>0,CL6/31,IF(OR(MOD(CL$1,4)=0,CL$1=2000),CL6/29,CL6/28))) -> 5.5531177 | CN6: =($B$28/1000*(1-$B$29)*CM6)-($B$26*$B$27) -> -1.4824669 | CO6: =MIN(CN6+MAX(CO5,0),$B$30) -> -1.1360166 | CP6: =Data!CV122 -> 156.52105 | CQ6: =IF(COUNTIF($A$37:$A$40,$A6)>0,CP6/30,IF(COUNTIF($B$37:$B$43,$A6)>0,CP6/31,IF(OR(MOD(CP$1,4)=0,CP$1=2000),CP6/29,CP6/28))) -> 5.2173684 | CR6: =($B$28/1000*(1-$B$29)*CQ6)-($B$26*$B$27) -> -1.9369875 | CS6: =MIN(CR6+MAX(CS5,0),$B$30) -> -1.9369875 | CT6: =Data!CZ122 -> 56.877283 | CU6: =IF(COUNTIF($A$37:$A$40,$A6)>0,CT6/30,IF(COUNTIF($B$37:$B$43,$A6)>0,CT6/31,IF(OR(MOD(CT$1,4)=0,CT$1=2000),CT6/29,CT6/28))) -> 1.8959094 | CV6: =($B$28/1000*(1-$B$29)*CU6)-($B$26*$B$27) -> -6.4334126 | CW6: =MIN(CV6+MAX(CW5,0),$B$30) -> -6.4334126 | CX6: =Data!DD122 -> 82.062184 | CY6: =IF(COUNTIF($A$37:$A$40,$A6)>0,CX6/30,IF(COUNTIF($B$37:$B$43,$A6)>0,CX6/31,IF(OR(MOD(CX$1,4)=0,CX$1=2000),CX6/29,CX6/28))) -> 2.7354061 | CZ6: =($B$28/1000*(1-$B$29)*CY6)-($B$26*$B$27) -> -5.2969439 | DA6: =MIN(CZ6+MAX(DA5,0),$B$30) -> 37.83337
A7: May | B7: =Data!H153 -> 459.3621 | C7: =IF(COUNTIF($A$37:$A$40,A7)>0,B7/30,IF(COUNTIF($B$37:$B$43,A7)>0,B7/31,IF(OR(MOD(B$1,4)=0,B$1=2000),B7/29,B7/28))) -> 14.818132 | D7: =($B$28/1000*(1-$B$29)*C7)-($B$26*$B$27) -> 11.060047 | E7: =MIN(D7+MAX(E6,0),$B$30) -> 50 | F7: =Data!L153 -> 432.08014 | G7: =IF(COUNTIF($A$37:$A$40,$A7)>0,F7/30,IF(COUNTIF($B$37:$B$43,$A7)>0,F7/31,IF(OR(MOD(F$1,4)=0,F$1=2000),F7/29,F7/28))) -> 13.938069 | H7: =($B$28/1000*(1-$B$29)*G7)-($B$26*$B$27) -> 9.8686611 | I7: =MIN(H7+MAX(I6,0),$B$30) -> 50 | J7: =Data!P153 -> 309.81258 | K7: =IF(COUNTIF($A$37:$A$40,$A7)>0,J7/30,IF(COUNTIF($B$37:$B$43,$A7)>0,J7/31,IF(OR(MOD(J$1,4)=0,J$1=2000),J7/29,J7/28))) -> 9.9939543 | L7: =($B$28/1000*(1-$B$29)*K7)-($B$26*$B$27) -> 4.5293156 | M7: =MIN(L7+MAX(M6,0),$B$30) -> 50 | N7: =Data!T153 -> 329.45166 | O7: =IF(COUNTIF($A$37:$A$40,$A7)>0,N7/30,IF(COUNTIF($B$37:$B$43,$A7)>0,N7/31,IF(OR(MOD(N$1,4)=0,N$1=2000),N7/29,N7/28))) -> 10.627473 | P7: =($B$28/1000*(1-$B$29)*O7)-($B$26*$B$27) -> 5.3869416 | Q7: =MIN(P7+MAX(Q6,0),$B$30) -> 31.92422 | R7: =Data!X153 -> 285.76153 | S7: =IF(COUNTIF($A$37:$A$40,$A7)>0,R7/30,IF(COUNTIF($B$37:$B$43,$A7)>0,R7/31,IF(OR(MOD(R$1,4)=0,R$1=2000),R7/29,R7/28))) -> 9.2181138 | T7: =($B$28/1000*(1-$B$29)*S7)-($B$26*$B$27) -> 3.4790216 | U7: =MIN(T7+MAX(U6,0),$B$30) -> 11.896589 | V7: =Data!AB153 -> 361.38345 | W7: =IF(COUNTIF($A$37:$A$40,$A7)>0,V7/30,IF(COUNTIF($B$37:$B$43,$A7)>0,V7/31,IF(OR(MOD(V$1,4)=0,V$1=2000),V7/29,V7/28))) -> 11.657531 | X7: =($B$28/1000*(1-$B$29)*W7)-($B$26*$B$27) -> 6.7813822 | Y7: =MIN(X7+MAX(Y6,0),$B$30) -> 8.1434694 | Z7: =Data!AF153 -> 266.44319 | AA7: =IF(COUNTIF($A$37:$A$40,$A7)>0,Z7/30,IF(COUNTIF($B$37:$B$43,$A7)>0,Z7/31,IF(OR(MOD(Z$1,4)=0,Z$1=2000),Z7/29,Z7/28))) -> 8.5949415 | AB7: =($B$28/1000*(1-$B$29)*AA7)-($B$26*$B$27) -> 2.635402 | AC7: =MIN(AB7+MAX(AC6,0),$B$30) -> 29.590418 | AD7: =Data!AJ153 -> 272.5902 | AE7: =IF(COUNTIF($A$37:$A$40,$A7)>0,AD7/30,IF(COUNTIF($B$37:$B$43,$A7)>0,AD7/31,IF(OR(MOD(AD$1,4)=0,AD$1=2000),AD7/29,AD7/28))) -> 8.7932324 | AF7: =($B$28/1000*(1-$B$29)*AE7)-($B$26*$B$27) -> 2.9038383 | AG7: =MIN(AF7+MAX(AG6,0),$B$30) -> 36.592793 | AH7: =Data!AN153 -> 303.28368 | AI7: =IF(COUNTIF($A$37:$A$40,$A7)>0,AH7/30,IF(COUNTIF($B$37:$B$43,$A7)>0,AH7/31,IF(OR(MOD(AH$1,4)=0,AH$1=2000),AH7/29,AH7/28))) -> 9.7833445 | AJ7: =($B$28/1000*(1-$B$29)*AI7)-($B$26*$B$27) -> 4.2442026 | AK7: =MIN(AJ7+MAX(AK6,0),$B$30) -> 50 | AL7: =Data!AR153 -> 358.08422 | AM7: =IF(COUNTIF($A$37:$A$40,$A7)>0,AL7/30,IF(COUNTIF($B$37:$B$43,$A7)>0,AL7/31,IF(OR(MOD(AL$1,4)=0,AL$1=2000),AL7/29,AL7/28))) -> 11.551104 | AN7: =($B$28/1000*(1-$B$29)*AM7)-($B$26*$B$27) -> 6.6373071 | AO7: =MIN(AN7+MAX(AO6,0),$B$30) -> 50 | AP7: =Data!AV153 -> 324.25605 | AQ7: =IF(COUNTIF($A$37:$A$40,$A7)>0,AP7/30,IF(COUNTIF($B$37:$B$43,$A7)>0,AP7/31,IF(OR(MOD(AP$1,4)=0,AP$1=2000),AP7/29,AP7/28))) -> 10.459873 | AR7: =($B$28/1000*(1-$B$29)*AQ7)-($B$26*$B$27) -> 5.1600527 | AS7: =MIN(AR7+MAX(AS6,0),$B$30) -> 50 | AT7: =Data!AZ153 -> 175.02957 | AU7: =IF(COUNTIF($A$37:$A$40,$A7)>0,AT7/30,IF(COUNTIF($B$37:$B$43,$A7)>0,AT7/31,IF(OR(MOD(AT$1,4)=0,AT$1=2000),AT7/29,AT7/28))) -> 5.646115 | AV7: =($B$28/1000*(1-$B$29)*AU7)-($B$26*$B$27) -> -1.3565718 | AW7: =MIN(AV7+MAX(AW6,0),$B$30) -> 33.707331 | AX7: =Data!BD153 -> 378.12897 | AY7: =IF(COUNTIF($A$37:$A$40,$A7)>0,AX7/30,IF(COUNTIF($B$37:$B$43,$A7)>0,AX7/31,IF(OR(MOD(AX$1,4)=0,AX$1=2000),AX7/29,AX7/28))) -> 12.197709 | AZ7: =($B$28/1000*(1-$B$29)*AY7)-($B$26*$B$27) -> 7.512648 | BA7: =MIN(AZ7+MAX(BA6,0),$B$30) -> 50 | BB7: =Data!BH153 -> 257.98942 | BC7: =IF(COUNTIF($A$37:$A$40,$A7)>0,BB7/30,IF(COUNTIF($B$37:$B$43,$A7)>0,BB7/31,IF(OR(MOD(BB$1,4)=0,BB$1=2000),BB7/29,BB7/28))) -> 8.3222394 | BD7: =($B$28/1000*(1-$B$29)*BC7)-($B$26*$B$27) -> 2.2662316 | BE7: =MIN(BD7+MAX(BE6,0),$B$30) -> 50 | BF7: =Data!BL153 -> 302.50343 | BG7: =IF(COUNTIF($A$37:$A$40,$A7)>0,BF7/30,IF(COUNTIF($B$37:$B$43,$A7)>0,BF7/31,IF(OR(MOD(BF$1,4)=0,BF$1=2000),BF7/29,BF7/28))) -> 9.7581752 | BH7: =($B$28/1000*(1-$B$29)*BG7)-($B$26*$B$27) -> 4.2101297 | BI7: =MIN(BH7+MAX(BI6,0),$B$30) -> 29.742019 | BJ7: =Data!BP153 -> 108.62172 | BK7: =IF(COUNTIF($A$37:$A$40,$A7)>0,BJ7/30,IF(COUNTIF($B$37:$B$43,$A7)>0,BJ7/31,IF(OR(MOD(BJ$1,4)=0,BJ$1=2000),BJ7/29,BJ7/28))) -> 3.5039263 | BL7: =($B$28/1000*(1-$B$29)*BK7)-($B$26*$B$27) -> -4.2565597 | BM7: =MIN(BL7+MAX(BM6,0),$B$30) -> 25.757859 | BN7: =Data!BT153 -> 29.638848 | BO7: =IF(COUNTIF($A$37:$A$40,$A7)>0,BN7/30,IF(COUNTIF($B$37:$B$43,$A7)>0,BN7/31,IF(OR(MOD(BN$1,4)=0,BN$1=2000),BN7/29,BN7/28))) -> 0.95609188 | BP7: =($B$28/1000*(1-$B$29)*BO7)-($B$26*$B$27) -> -7.7056906 | BQ7: =MIN(BP7+MAX(BQ6,0),$B$30) -> 42.294309 | BR7: =Data!BX153 -> 380.67495 | BS7: =IF(COUNTIF($A$37:$A$40,$A7)>0,BR7/30,IF(COUNTIF($B$37:$B$43,$A7)>0,BR7/31,IF(OR(MOD(BR$1,4)=0,BR$1=2000),BR7/29,BR7/28))) -> 12.279837 | BT7: =($B$28/1000*(1-$B$29)*BS7)-($B$26*$B$27) -> 7.6238293 | BU7: =MIN(BT7+MAX(BU6,0),$B$30) -> 50 | BV7: =Data!CB153 -> 95.175545 | BW7: =IF(COUNTIF($A$37:$A$40,$A7)>0,BV7/30,IF(COUNTIF($B$37:$B$43,$A7)>0,BV7/31,IF(OR(MOD(BV$1,4)=0,BV$1=2000),BV7/29,BV7/28))) -> 3.0701789 | BX7: =($B$28/1000*(1-$B$29)*BW7)-($B$26*$B$27) -> -4.8437453 | BY7: =MIN(BX7+MAX(BY6,0),$B$30) -> -4.8437453 | BZ7: =Data!CF153 -> 166.46189 | CA7: =IF(COUNTIF($A$37:$A$40,$A7)>0,BZ7/30,IF(COUNTIF($B$37:$B$43,$A7)>0,BZ7/31,IF(OR(MOD(BZ$1,4)=0,BZ$1=2000),BZ7/29,BZ7/28))) -> 5.3697385 | CB7: =($B$28/1000*(1-$B$29)*CA7)-($B$26*$B$27) -> -1.7307165 | CC7: =MIN(CB7+MAX(CC6,0),$B$30) -> 11.650229 | CD7: =Data!CJ153 -> 89.74034 | CE7: =IF(COUNTIF($A$37:$A$40,$A7)>0,CD7/30,IF(COUNTIF($B$37:$B$43,$A7)>0,CD7/31,IF(OR(MOD(CD$1,4)=0,CD$1=2000),CD7/29,CD7/28))) -> 2.8948497 | CF7: =($B$28/1000*(1-$B$29)*CE7)-($B$26*$B$27) -> -5.0810973 | CG7: =MIN(CF7+MAX(CG6,0),$B$30) -> -5.0810973 | CH7: =Data!CN153 -> 300.51659 | CI7: =IF(COUNTIF($A$37:$A$40,$A7)>0,CH7/30,IF(COUNTIF($B$37:$B$43,$A7)>0,CH7/31,IF(OR(MOD(CH$1,4)=0,CH$1=2000),CH7/29,CH7/28))) -> 9.6940834 | CJ7: =($B$28/1000*(1-$B$29)*CI7)-($B$26*$B$27) -> 4.1233654 | CK7: =MIN(CJ7+MAX(CK6,0),$B$30) -> 8.21556 | CL7: =Data!CR153 -> 234.6959 | CM7: =IF(COUNTIF($A$37:$A$40,$A7)>0,CL7/30,IF(COUNTIF($B$37:$B$43,$A7)>0,CL7/31,IF(OR(MOD(CL$1,4)=0,CL$1=2000),CL7/29,CL7/28))) -> 7.5708353 | CN7: =($B$28/1000*(1-$B$29)*CM7)-($B$26*$B$27) -> 1.2490183 | CO7: =MIN(CN7+MAX(CO6,0),$B$30) -> 1.2490183 | CP7: =Data!CV153 -> 134.71785 | CQ7: =IF(COUNTIF($A$37:$A$40,$A7)>0,CP7/30,IF(COUNTIF($B$37:$B$43,$A7)>0,CP7/31,IF(OR(MOD(CP$1,4)=0,CP$1=2000),CP7/29,CP7/28))) -> 4.3457373 | CR7: =($B$28/1000*(1-$B$29)*CQ7)-($B$26*$B$27) -> -3.1169582 | CS7: =MIN(CR7+MAX(CS6,0),$B$30) -> -3.1169582 | CT7: =Data!CZ153 -> 213.24414 | CU7: =IF(COUNTIF($A$37:$A$40,$A7)>0,CT7/30,IF(COUNTIF($B$37:$B$43,$A7)>0,CT7/31,IF(OR(MOD(CT$1,4)=0,CT$1=2000),CT7/29,CT7/28))) -> 6.8788431 | CV7: =($B$28/1000*(1-$B$29)*CU7)-($B$26*$B$27) -> 0.31223382 | CW7: =MIN(CV7+MAX(CW6,0),$B$30) -> 0.31223382 | CX7: =Data!DD153 -> 199.98221 | CY7: =IF(COUNTIF($A$37:$A$40,$A7)>0,CX7/30,IF(COUNTIF($B$37:$B$43,$A7)>0,CX7/31,IF(OR(MOD(CX$1,4)=0,CX$1=2000),CX7/29,CX7/28))) -> 6.4510389 | CZ7: =($B$28/1000*(1-$B$29)*CY7)-($B$26*$B$27) -> -0.26690603 | DA7: =MIN(CZ7+MAX(DA6,0),$B$30) -> 37.566464
A8: June | B8: =Data!H183 -> 337.97084 | C8: =IF(COUNTIF($A$37:$A$40,A8)>0,B8/30,IF(COUNTIF($B$37:$B$43,A8)>0,B8/31,IF(OR(MOD(B$1,4)=0,B$1=2000),B8/29,B8/28))) -> 11.265695 | D8: =($B$28/1000*(1-$B$29)*C8)-($B$26*$B$27) -> 6.2509341 | E8: =MIN(D8+MAX(E7,0),$B$30) -> 50 | F8: =Data!L183 -> 201.05704 | G8: =IF(COUNTIF($A$37:$A$40,$A8)>0,F8/30,IF(COUNTIF($B$37:$B$43,$A8)>0,F8/31,IF(OR(MOD(F$1,4)=0,F$1=2000),F8/29,F8/28))) -> 6.7019015 | H8: =($B$28/1000*(1-$B$29)*G8)-($B$26*$B$27) -> 0.072699147 | I8: =MIN(H8+MAX(I7,0),$B$30) -> 50 | J8: =Data!P183 -> 247.76379 | K8: =IF(COUNTIF($A$37:$A$40,$A8)>0,J8/30,IF(COUNTIF($B$37:$B$43,$A8)>0,J8/31,IF(OR(MOD(J$1,4)=0,J$1=2000),J8/29,J8/28))) -> 8.2587929 | L8: =($B$28/1000*(1-$B$29)*K8)-($B$26*$B$27) -> 2.1803409 | M8: =MIN(L8+MAX(M7,0),$B$30) -> 50 | N8: =Data!T183 -> 231.13201 | O8: =IF(COUNTIF($A$37:$A$40,$A8)>0,N8/30,IF(COUNTIF($B$37:$B$43,$A8)>0,N8/31,IF(OR(MOD(N$1,4)=0,N$1=2000),N8/29,N8/28))) -> 7.7044004 | P8: =($B$28/1000*(1-$B$29)*O8)-($B$26*$B$27) -> 1.4298321 | Q8: =MIN(P8+MAX(Q7,0),$B$30) -> 33.354052 | R8: =Data!X183 -> 387.09392 | S8: =IF(COUNTIF($A$37:$A$40,$A8)>0,R8/30,IF(COUNTIF($B$37:$B$43,$A8)>0,R8/31,IF(OR(MOD(R$1,4)=0,R$1=2000),R8/29,R8/28))) -> 12.903131 | T8: =($B$28/1000*(1-$B$29)*S8)-($B$26*$B$27) -> 8.4676132 | U8: =MIN(T8+MAX(U7,0),$B$30) -> 20.364202 | V8: =Data!AB183 -> 153.86759 | W8: =IF(COUNTIF($A$37:$A$40,$A8)>0,V8/30,IF(COUNTIF($B$37:$B$43,$A8)>0,V8/31,IF(OR(MOD(V$1,4)=0,V$1=2000),V8/29,V8/28))) -> 5.1289195 | X8: =($B$28/1000*(1-$B$29)*W8)-($B$26*$B$27) -> -2.0567252 | Y8: =MIN(X8+MAX(Y7,0),$B$30) -> 6.0867442 | Z8: =Data!AF183 -> 277.44428 | AA8: =IF(COUNTIF($A$37:$A$40,$A8)>0,Z8/30,IF(COUNTIF($B$37:$B$43,$A8)>0,Z8/31,IF(OR(MOD(Z$1,4)=0,Z$1=2000),Z8/29,Z8/28))) -> 9.2481426 | AB8: =($B$28/1000*(1-$B$29)*AA8)-($B$26*$B$27) -> 3.519673 | AC8: =MIN(AB8+MAX(AC7,0),$B$30) -> 33.110091 | AD8: =Data!AJ183 -> 276.30135 | AE8: =IF(COUNTIF($A$37:$A$40,$A8)>0,AD8/30,IF(COUNTIF($B$37:$B$43,$A8)>0,AD8/31,IF(OR(MOD(AD$1,4)=0,AD$1=2000),AD8/29,AD8/28))) -> 9.210045 | AF8: =($B$28/1000*(1-$B$29)*AE8)-($B$26*$B$27) -> 3.4680984 | AG8: =MIN(AF8+MAX(AG7,0),$B$30) -> 40.060891 | AH8: =Data!AN183 -> 294.00947 | AI8: =IF(COUNTIF($A$37:$A$40,$A8)>0,AH8/30,IF(COUNTIF($B$37:$B$43,$A8)>0,AH8/31,IF(OR(MOD(AH$1,4)=0,AH$1=2000),AH8/29,AH8/28))) -> 9.8003157 | AJ8: =($B$28/1000*(1-$B$29)*AI8)-($B$26*$B$27) -> 4.2671774 | AK8: =MIN(AJ8+MAX(AK7,0),$B$30) -> 50 | AL8: =Data!AR183 -> 331.22152 | AM8: =IF(COUNTIF($A$37:$A$40,$A8)>0,AL8/30,IF(COUNTIF($B$37:$B$43,$A8)>0,AL8/31,IF(OR(MOD(AL$1,4)=0,AL$1=2000),AL8/29,AL8/28))) -> 11.040717 | AN8: =($B$28/1000*(1-$B$29)*AM8)-($B$26*$B$27) -> 5.9463712 | AO8: =MIN(AN8+MAX(AO7,0),$B$30) -> 50 | AP8: =Data!AV183 -> 213.9248 | AQ8: =IF(COUNTIF($A$37:$A$40,$A8)>0,AP8/30,IF(COUNTIF($B$37:$B$43,$A8)>0,AP8/31,IF(OR(MOD(AP$1,4)=0,AP$1=2000),AP8/29,AP8/28))) -> 7.1308268 | AR8: =($B$28/1000*(1-$B$29)*AQ8)-($B$26*$B$27) -> 0.65335676 | AS8: =MIN(AR8+MAX(AS7,0),$B$30) -> 50 | AT8: =Data!AZ183 -> 237.92561 | AU8: =IF(COUNTIF($A$37:$A$40,$A8)>0,AT8/30,IF(COUNTIF($B$37:$B$43,$A8)>0,AT8/31,IF(OR(MOD(AT$1,4)=0,AT$1=2000),AT8/29,AT8/28))) -> 7.9308537 | AV8: =($B$28/1000*(1-$B$29)*AU8)-($B$26*$B$27) -> 1.7363931 | AW8: =MIN(AV8+MAX(AW7,0),$B$30) -> 35.443724 | AX8: =Data!BD183 -> 301.19987 | AY8: =IF(COUNTIF($A$37:$A$40,$A8)>0,AX8/30,IF(COUNTIF($B$37:$B$43,$A8)>0,AX8/31,IF(OR(MOD(AX$1,4)=0,AX$1=2000),AX8/29,AX8/28))) -> 10.039996 | AZ8: =($B$28/1000*(1-$B$29)*AY8)-($B$26*$B$27) -> 4.591644 | BA8: =MIN(AZ8+MAX(BA7,0),$B$30) -> 50 | BB8: =Data!BH183 -> 285.99205 | BC8: =IF(COUNTIF($A$37:$A$40,$A8)>0,BB8/30,IF(COUNTIF($B$37:$B$43,$A8)>0,BB8/31,IF(OR(MOD(BB$1,4)=0,BB$1=2000),BB8/29,BB8/28))) -> 9.5330683 | BD8: =($B$28/1000*(1-$B$29)*BC8)-($B$26*$B$27) -> 3.9053912 | BE8: =MIN(BD8+MAX(BE7,0),$B$30) -> 50 | BF8: =Data!BL183 -> 214.6136 | BG8: =IF(COUNTIF($A$37:$A$40,$A8)>0,BF8/30,IF(COUNTIF($B$37:$B$43,$A8)>0,BF8/31,IF(OR(MOD(BF$1,4)=0,BF$1=2000),BF8/29,BF8/28))) -> 7.1537867 | BH8: =($B$28/1000*(1-$B$29)*BG8)-($B$26*$B$27) -> 0.6844387 | BI8: =MIN(BH8+MAX(BI7,0),$B$30) -> 30.426458 | BJ8: =Data!BP183 -> 69.0134 | BK8: =IF(COUNTIF($A$37:$A$40,$A8)>0,BJ8/30,IF(COUNTIF($B$37:$B$43,$A8)>0,BJ8/31,IF(OR(MOD(BJ$1,4)=0,BJ$1=2000),BJ8/29,BJ8/28))) -> 2.3004467 | BL8: =($B$28/1000*(1-$B$29)*BK8)-($B$26*$B$27) -> -5.8857703 | BM8: =MIN(BL8+MAX(BM7,0),$B$30) -> 19.872089 | BN8: =Data!BT183 -> 20.461586 | BO8: =IF(COUNTIF($A$37:$A$40,$A8)>0,BN8/30,IF(COUNTIF($B$37:$B$43,$A8)>0,BN8/31,IF(OR(MOD(BN$1,4)=0,BN$1=2000),BN8/29,BN8/28))) -> 0.68205288 | BP8: =($B$28/1000*(1-$B$29)*BO8)-($B$26*$B$27) -> -8.0766709 | BQ8: =MIN(BP8+MAX(BQ7,0),$B$30) -> 34.217638 | BR8: =Data!BX183 -> 274.95409 | BS8: =IF(COUNTIF($A$37:$A$40,$A8)>0,BR8/30,IF(COUNTIF($B$37:$B$43,$A8)>0,BR8/31,IF(OR(MOD(BR$1,4)=0,BR$1=2000),BR8/29,BR8/28))) -> 9.1651365 | BT8: =($B$28/1000*(1-$B$29)*BS8)-($B$26*$B$27) -> 3.4073035 | BU8: =MIN(BT8+MAX(BU7,0),$B$30) -> 50 | BV8: =Data!CB183 -> 111.84813 | BW8: =IF(COUNTIF($A$37:$A$40,$A8)>0,BV8/30,IF(COUNTIF($B$37:$B$43,$A8)>0,BV8/31,IF(OR(MOD(BV$1,4)=0,BV$1=2000),BV8/29,BV8/28))) -> 3.7282711 | BX8: =($B$28/1000*(1-$B$29)*BW8)-($B$26*$B$27) -> -3.952853 | BY8: =MIN(BX8+MAX(BY7,0),$B$30) -> -3.952853 | BZ8: =Data!CF183 -> 290.29009 | CA8: =IF(COUNTIF($A$37:$A$40,$A8)>0,BZ8/30,IF(COUNTIF($B$37:$B$43,$A8)>0,BZ8/31,IF(OR(MOD(BZ$1,4)=0,BZ$1=2000),BZ8/29,BZ8/28))) -> 9.6763364 | CB8: =($B$28/1000*(1-$B$29)*CA8)-($B$26*$B$27) -> 4.0993404 | CC8: =MIN(CB8+MAX(CC7,0),$B$30) -> 15.749569 | CD8: =Data!CJ183 -> 55.958598 | CE8: =IF(COUNTIF($A$37:$A$40,$A8)>0,CD8/30,IF(COUNTIF($B$37:$B$43,$A8)>0,CD8/31,IF(OR(MOD(CD$1,4)=0,CD$1=2000),CD8/29,CD8/28))) -> 1.8652866 | CF8: =($B$28/1000*(1-$B$29)*CE8)-($B$26*$B$27) -> -6.4748682 | CG8: =MIN(CF8+MAX(CG7,0),$B$30) -> -6.4748682 | CH8: =Data!CN183 -> 158.21227 | CI8: =IF(COUNTIF($A$37:$A$40,$A8)>0,CH8/30,IF(COUNTIF($B$37:$B$43,$A8)>0,CH8/31,IF(OR(MOD(CH$1,4)=0,CH$1=2000),CH8/29,CH8/28))) -> 5.2737422 | CJ8: =($B$28/1000*(1-$B$29)*CI8)-($B$26*$B$27) -> -1.8606715 | CK8: =MIN(CJ8+MAX(CK7,0),$B$30) -> 6.3548885 | CL8: =Data!CR183 -> 185.28238 | CM8: =IF(COUNTIF($A$37:$A$40,$A8)>0,CL8/30,IF(COUNTIF($B$37:$B$43,$A8)>0,CL8/31,IF(OR(MOD(CL$1,4)=0,CL$1=2000),CL8/29,CL8/28))) -> 6.1760793 | CN8: =($B$28/1000*(1-$B$29)*CM8)-($B$26*$B$27) -> -0.63913269 | CO8: =MIN(CN8+MAX(CO7,0),$B$30) -> 0.60988564 | CP8: =Data!CV183 -> 149.03627 | CQ8: =IF(COUNTIF($A$37:$A$40,$A8)>0,CP8/30,IF(COUNTIF($B$37:$B$43,$A8)>0,CP8/31,IF(OR(MOD(CP$1,4)=0,CP$1=2000),CP8/29,CP8/28))) -> 4.9678755 | CR8: =($B$28/1000*(1-$B$29)*CQ8)-($B$26*$B$27) -> -2.2747385 | CS8: =MIN(CR8+MAX(CS7,0),$B$30) -> -2.2747385 | CT8: =Data!CZ183 -> 164.94251 | CU8: =IF(COUNTIF($A$37:$A$40,$A8)>0,CT8/30,IF(COUNTIF($B$37:$B$43,$A8)>0,CT8/31,IF(OR(MOD(CT$1,4)=0,CT$1=2000),CT8/29,CT8/28))) -> 5.4980836 | CV8: =($B$28/1000*(1-$B$29)*CU8)-($B$26*$B$27) -> -1.5569694 | CW8: =MIN(CV8+MAX(CW7,0),$B$30) -> -1.2447356 | CX8: =Data!DD183 -> 104.42501 | CY8: =IF(COUNTIF($A$37:$A$40,$A8)>0,CX8/30,IF(COUNTIF($B$37:$B$43,$A8)>0,CX8/31,IF(OR(MOD(CX$1,4)=0,CX$1=2000),CX8/29,CX8/28))) -> 3.4808337 | CZ8: =($B$28/1000*(1-$B$29)*CY8)-($B$26*$B$27) -> -4.2878214 | DA8: =MIN(CZ8+MAX(DA7,0),$B$30) -> 33.278643
A9: July | B9: =Data!H214 -> 280.64317 | C9: =IF(COUNTIF($A$37:$A$40,A9)>0,B9/30,IF(COUNTIF($B$37:$B$43,A9)>0,B9/31,IF(OR(MOD(B$1,4)=0,B$1=2000),B9/29,B9/28))) -> 9.0530056 | D9: =($B$28/1000*(1-$B$29)*C9)-($B$26*$B$27) -> 3.2555063 | E9: =MIN(D9+MAX(E8,0),$B$30) -> 50 | F9: =Data!L214 -> 130.80043 | G9: =IF(COUNTIF($A$37:$A$40,$A9)>0,F9/30,IF(COUNTIF($B$37:$B$43,$A9)>0,F9/31,IF(OR(MOD(F$1,4)=0,F$1=2000),F9/29,F9/28))) -> 4.2193686 | H9: =($B$28/1000*(1-$B$29)*G9)-($B$26*$B$27) -> -3.2880298 | I9: =MIN(H9+MAX(I8,0),$B$30) -> 46.71197 | J9: =Data!P214 -> 284.80601 | K9: =IF(COUNTIF($A$37:$A$40,$A9)>0,J9/30,IF(COUNTIF($B$37:$B$43,$A9)>0,J9/31,IF(OR(MOD(J$1,4)=0,J$1=2000),J9/29,J9/28))) -> 9.1872906 | L9: =($B$28/1000*(1-$B$29)*K9)-($B$26*$B$27) -> 3.4372946 | M9: =MIN(L9+MAX(M8,0),$B$30) -> 50 | N9: =Data!T214 -> 263.33603 | O9: =IF(COUNTIF($A$37:$A$40,$A9)>0,N9/30,IF(COUNTIF($B$37:$B$43,$A9)>0,N9/31,IF(OR(MOD(N$1,4)=0,N$1=2000),N9/29,N9/28))) -> 8.4947107 | P9: =($B$28/1000*(1-$B$29)*O9)-($B$26*$B$27) -> 2.4997146 | Q9: =MIN(P9+MAX(Q8,0),$B$30) -> 35.853766 | R9: =Data!X214 -> 122.24449 | S9: =IF(COUNTIF($A$37:$A$40,$A9)>0,R9/30,IF(COUNTIF($B$37:$B$43,$A9)>0,R9/31,IF(OR(MOD(R$1,4)=0,R$1=2000),R9/29,R9/28))) -> 3.9433708 | T9: =($B$28/1000*(1-$B$29)*S9)-($B$26*$B$27) -> -3.6616618 | U9: =MIN(T9+MAX(U8,0),$B$30) -> 16.702541 | V9: =Data!AB214 -> 124.43021 | W9: =IF(COUNTIF($A$37:$A$40,$A9)>0,V9/30,IF(COUNTIF($B$37:$B$43,$A9)>0,V9/31,IF(OR(MOD(V$1,4)=0,V$1=2000),V9/29,V9/28))) -> 4.0138778 | X9: =($B$28/1000*(1-$B$29)*W9)-($B$26*$B$27) -> -3.5662129 | Y9: =MIN(X9+MAX(Y8,0),$B$30) -> 2.5205313 | Z9: =Data!AF214 -> 200.21883 | AA9: =IF(COUNTIF($A$37:$A$40,$A9)>0,Z9/30,IF(COUNTIF($B$37:$B$43,$A9)>0,Z9/31,IF(OR(MOD(Z$1,4)=0,Z$1=2000),Z9/29,Z9/28))) -> 6.458672 | AB9: =($B$28/1000*(1-$B$29)*AA9)-($B$26*$B$27) -> -0.25657277 | AC9: =MIN(AB9+MAX(AC8,0),$B$30) -> 32.853519 | AD9: =Data!AJ214 -> 250.22224 | AE9: =IF(COUNTIF($A$37:$A$40,$A9)>0,AD9/30,IF(COUNTIF($B$37:$B$43,$A9)>0,AD9/31,IF(OR(MOD(AD$1,4)=0,AD$1=2000),AD9/29,AD9/28))) -> 8.0716851 | AF9: =($B$28/1000*(1-$B$29)*AE9)-($B$26*$B$27) -> 1.9270437 | AG9: =MIN(AF9+MAX(AG8,0),$B$30) -> 41.987935 | AH9: =Data!AN214 -> 146.02085 | AI9: =IF(COUNTIF($A$37:$A$40,$A9)>0,AH9/30,IF(COUNTIF($B$37:$B$43,$A9)>0,AH9/31,IF(OR(MOD(AH$1,4)=0,AH$1=2000),AH9/29,AH9/28))) -> 4.7103499 | AJ9: =($B$28/1000*(1-$B$29)*AI9)-($B$26*$B$27) -> -2.6233638 | AK9: =MIN(AJ9+MAX(AK8,0),$B$30) -> 47.376636 | AL9: =Data!AR214 -> 235.23002 | AM9: =IF(COUNTIF($A$37:$A$40,$A9)>0,AL9/30,IF(COUNTIF($B$37:$B$43,$A9)>0,AL9/31,IF(OR(MOD(AL$1,4)=0,AL$1=2000),AL9/29,AL9/28))) -> 7.5880651 | AN9: =($B$28/1000*(1-$B$29)*AM9)-($B$26*$B$27) -> 1.2723431 | AO9: =MIN(AN9+MAX(AO8,0),$B$30) -> 50 | AP9: =Data!AV214 -> 209.45256 | AQ9: =IF(COUNTIF($A$37:$A$40,$A9)>0,AP9/30,IF(COUNTIF($B$37:$B$43,$A9)>0,AP9/31,IF(OR(MOD(AP$1,4)=0,AP$1=2000),AP9/29,AP9/28))) -> 6.7565343 | AR9: =($B$28/1000*(1-$B$29)*AQ9)-($B$26*$B$27) -> 0.14665832 | AS9: =MIN(AR9+MAX(AS8,0),$B$30) -> 50 | AT9: =Data!AZ214 -> 206.35016 | AU9: =IF(COUNTIF($A$37:$A$40,$A9)>0,AT9/30,IF(COUNTIF($B$37:$B$43,$A9)>0,AT9/31,IF(OR(MOD(AT$1,4)=0,AT$1=2000),AT9/29,AT9/28))) -> 6.6564569 | AV9: =($B$28/1000*(1-$B$29)*AU9)-($B$26*$B$27) -> 0.011178568 | AW9: =MIN(AV9+MAX(AW8,0),$B$30) -> 35.454902 | AX9: =Data!BD214 -> 241.45688 | AY9: =IF(COUNTIF($A$37:$A$40,$A9)>0,AX9/30,IF(COUNTIF($B$37:$B$43,$A9)>0,AX9/31,IF(OR(MOD(AX$1,4)=0,AX$1=2000),AX9/29,AX9/28))) -> 7.7889315 | AZ9: =($B$28/1000*(1-$B$29)*AY9)-($B$26*$B$27) -> 1.544266 | BA9: =MIN(AZ9+MAX(BA8,0),$B$30) -> 50 | BB9: =Data!BH214 -> 312.75152 | BC9: =IF(COUNTIF($A$37:$A$40,$A9)>0,BB9/30,IF(COUNTIF($B$37:$B$43,$A9)>0,BB9/31,IF(OR(MOD(BB$1,4)=0,BB$1=2000),BB9/29,BB9/28))) -> 10.088759 | BD9: =($B$28/1000*(1-$B$29)*BC9)-($B$26*$B$27) -> 4.6576573 | BE9: =MIN(BD9+MAX(BE8,0),$B$30) -> 50 | BF9: =Data!BL214 -> 145.71442 | BG9: =IF(COUNTIF($A$37:$A$40,$A9)>0,BF9/30,IF(COUNTIF($B$37:$B$43,$A9)>0,BF9/31,IF(OR(MOD(BF$1,4)=0,BF$1=2000),BF9/29,BF9/28))) -> 4.7004653 | BH9: =($B$28/1000*(1-$B$29)*BG9)-($B$26*$B$27) -> -2.6367451 | BI9: =MIN(BH9+MAX(BI8,0),$B$30) -> 27.789713 | BJ9: =Data!BP214 -> 66.300743 | BK9: =IF(COUNTIF($A$37:$A$40,$A9)>0,BJ9/30,IF(COUNTIF($B$37:$B$43,$A9)>0,BJ9/31,IF(OR(MOD(BJ$1,4)=0,BJ$1=2000),BJ9/29,BJ9/28))) -> 2.1387337 | BL9: =($B$28/1000*(1-$B$29)*BK9)-($B$26*$B$27) -> -6.1046893 | BM9: =MIN(BL9+MAX(BM8,0),$B$30) -> 13.767399 | BN9: =Data!BT214 -> 130.92462 | BO9: =IF(COUNTIF($A$37:$A$40,$A9)>0,BN9/30,IF(COUNTIF($B$37:$B$43,$A9)>0,BN9/31,IF(OR(MOD(BN$1,4)=0,BN$1=2000),BN9/29,BN9/28))) -> 4.2233747 | BP9: =($B$28/1000*(1-$B$29)*BO9)-($B$26*$B$27) -> -3.2826065 | BQ9: =MIN(BP9+MAX(BQ8,0),$B$30) -> 30.935032 | BR9: =Data!BX214 -> 262.3049 | BS9: =IF(COUNTIF($A$37:$A$40,$A9)>0,BR9/30,IF(COUNTIF($B$37:$B$43,$A9)>0,BR9/31,IF(OR(MOD(BR$1,4)=0,BR$1=2000),BR9/29,BR9/28))) -> 8.4614485 | BT9: =($B$28/1000*(1-$B$29)*BS9)-($B$26*$B$27) -> 2.4546859 | BU9: =MIN(BT9+MAX(BU8,0),$B$30) -> 50 | BV9: =Data!CB214 -> 30.39224 | BW9: =IF(COUNTIF($A$37:$A$40,$A9)>0,BV9/30,IF(COUNTIF($B$37:$B$43,$A9)>0,BV9/31,IF(OR(MOD(BV$1,4)=0,BV$1=2000),BV9/29,BV9/28))) -> 0.98039484 | BX9: =($B$28/1000*(1-$B$29)*BW9)-($B$26*$B$27) -> -7.6727905 | BY9: =MIN(BX9+MAX(BY8,0),$B$30) -> -7.6727905 | BZ9: =Data!CF214 -> 223.24483 | CA9: =IF(COUNTIF($A$37:$A$40,$A9)>0,BZ9/30,IF(COUNTIF($B$37:$B$43,$A9)>0,BZ9/31,IF(OR(MOD(BZ$1,4)=0,BZ$1=2000),BZ9/29,BZ9/28))) -> 7.2014461 | CB9: =($B$28/1000*(1-$B$29)*CA9)-($B$26*$B$27) -> 0.74895772 | CC9: =MIN(CB9+MAX(CC8,0),$B$30) -> 16.498527 | CD9: =Data!CJ214 -> 17.451349 | CE9: =IF(COUNTIF($A$37:$A$40,$A9)>0,CD9/30,IF(COUNTIF($B$37:$B$43,$A9)>0,CD9/31,IF(OR(MOD(CD$1,4)=0,CD$1=2000),CD9/29,CD9/28))) -> 0.56294673 | CF9: =($B$28/1000*(1-$B$29)*CE9)-($B$26*$B$27) -> -8.2379109 | CG9: =MIN(CF9+MAX(CG8,0),$B$30) -> -8.2379109 | CH9: =Data!CN214 -> 219.00486 | CI9: =IF(COUNTIF($A$37:$A$40,$A9)>0,CH9/30,IF(COUNTIF($B$37:$B$43,$A9)>0,CH9/31,IF(OR(MOD(CH$1,4)=0,CH$1=2000),CH9/29,CH9/28))) -> 7.0646731 | CJ9: =($B$28/1000*(1-$B$29)*CI9)-($B$26*$B$27) -> 0.56380116 | CK9: =MIN(CJ9+MAX(CK8,0),$B$30) -> 6.9186896 | CL9: =Data!CR214 -> 456.41844 | CM9: =IF(COUNTIF($A$37:$A$40,$A9)>0,CL9/30,IF(COUNTIF($B$37:$B$43,$A9)>0,CL9/31,IF(OR(MOD(CL$1,4)=0,CL$1=2000),CL9/29,CL9/28))) -> 14.723175 | CN9: =($B$28/1000*(1-$B$29)*CM9)-($B$26*$B$27) -> 10.931499 | CO9: =MIN(CN9+MAX(CO8,0),$B$30) -> 11.541384 | CP9: =Data!CV214 -> 119.64656 | CQ9: =IF(COUNTIF($A$37:$A$40,$A9)>0,CP9/30,IF(COUNTIF($B$37:$B$43,$A9)>0,CP9/31,IF(OR(MOD(CP$1,4)=0,CP$1=2000),CP9/29,CP9/28))) -> 3.8595665 | CR9: =($B$28/1000*(1-$B$29)*CQ9)-($B$26*$B$27) -> -3.7751119 | CS9: =MIN(CR9+MAX(CS8,0),$B$30) -> -3.7751119 | CT9: =Data!CZ214 -> 93.335527 | CU9: =IF(COUNTIF($A$37:$A$40,$A9)>0,CT9/30,IF(COUNTIF($B$37:$B$43,$A9)>0,CT9/31,IF(OR(MOD(CT$1,4)=0,CT$1=2000),CT9/29,CT9/28))) -> 3.0108234 | CV9: =($B$28/1000*(1-$B$29)*CU9)-($B$26*$B$27) -> -4.9240978 | CW9: =MIN(CV9+MAX(CW8,0),$B$30) -> -4.9240978 | CX9: =Data!DD214 -> 80.653507 | CY9: =IF(COUNTIF($A$37:$A$40,$A9)>0,CX9/30,IF(COUNTIF($B$37:$B$43,$A9)>0,CX9/31,IF(OR(MOD(CX$1,4)=0,CX$1=2000),CX9/29,CX9/28))) -> 2.601726 | CZ9: =($B$28/1000*(1-$B$29)*CY9)-($B$26*$B$27) -> -5.4779134 | DA9: =MIN(CZ9+MAX(DA8,0),$B$30) -> 27.800729
